-- phpMyAdmin SQL Dump
-- version 3.3.9
-- http://www.phpmyadmin.net
--
-- Host: localhost
-- Generation Time: Jan 13, 2004 at 12:22 PM
-- Server version: 5.5.8
-- PHP Version: 5.3.5

SET SQL_MODE="NO_AUTO_VALUE_ON_ZERO";


/*!40101 SET @OLD_CHARACTER_SET_CLIENT=@@CHARACTER_SET_CLIENT */;
/*!40101 SET @OLD_CHARACTER_SET_RESULTS=@@CHARACTER_SET_RESULTS */;
/*!40101 SET @OLD_COLLATION_CONNECTION=@@COLLATION_CONNECTION */;
/*!40101 SET NAMES utf8 */;

--
-- Database: `webdoan`
--

-- --------------------------------------------------------

--
-- Table structure for table `banner`
--

CREATE TABLE IF NOT EXISTS `banner` (
  `idBanner` int(11) NOT NULL AUTO_INCREMENT,
  `TenBanner` varchar(255) NOT NULL,
  `UrlHinh` varchar(255) NOT NULL,
  `sapxep` int(11) NOT NULL DEFAULT '0',
  PRIMARY KEY (`idBanner`)
) ENGINE=InnoDB  DEFAULT CHARSET=utf8 AUTO_INCREMENT=6 ;

--
-- Dumping data for table `banner`
--

INSERT INTO `banner` (`idBanner`, `TenBanner`, `UrlHinh`, `sapxep`) VALUES
(1, 'Sôfa cho phòng khách', 'banner1.jpg', 1),
(2, 'Sôfa cho phòng làm việc', 'banner3.jpg', 2),
(3, 'Bộ bàn ghế phòng khách', 'banner2.jpg', 3),
(4, 'Sôfa phòng khách - Màu nâu ', 'banner4.jpg', 4),
(5, 'Bộ bàn ghế gỗ sang trọng', 'banner5.jpg', 5);

-- --------------------------------------------------------

--
-- Table structure for table `chungloai`
--

CREATE TABLE IF NOT EXISTS `chungloai` (
  `idCL` int(12) NOT NULL AUTO_INCREMENT,
  `TenCL` varchar(100) NOT NULL DEFAULT '',
  `TenCL_KD` varchar(100) NOT NULL,
  `ThuTu` int(4) NOT NULL DEFAULT '1',
  `AnHien` tinyint(1) NOT NULL DEFAULT '1',
  PRIMARY KEY (`idCL`)
) ENGINE=MyISAM  DEFAULT CHARSET=utf8 AUTO_INCREMENT=13 ;

--
-- Dumping data for table `chungloai`
--

INSERT INTO `chungloai` (`idCL`, `TenCL`, `TenCL_KD`, `ThuTu`, `AnHien`) VALUES
(1, 'Điện thoại di động', 'Dien-Thoai-Di-Dong', 1, 1),
(2, 'Laptop', 'Laptop', 2, 1),
(3, 'Máy ảnh', 'May-Anh', 3, 1);

-- --------------------------------------------------------

--
-- Table structure for table `counter`
--

CREATE TABLE IF NOT EXISTS `counter` (
  `counter` int(4) NOT NULL
) ENGINE=MyISAM DEFAULT CHARSET=utf8;

--
-- Dumping data for table `counter`
--

INSERT INTO `counter` (`counter`) VALUES
(180);

-- --------------------------------------------------------

--
-- Table structure for table `donhang`
--

CREATE TABLE IF NOT EXISTS `donhang` (
  `idDH` int(4) NOT NULL AUTO_INCREMENT,
  `idUser` int(4) NOT NULL DEFAULT '0',
  `ThoiDiemDatHang` date NOT NULL DEFAULT '0000-00-00',
  `TenNguoiNhan` varchar(100) NOT NULL DEFAULT '',
  `DiaDiemGiaoHang` varchar(255) NOT NULL DEFAULT '',
  `TinhTrang` tinyint(1) NOT NULL DEFAULT '0',
  `GhiChu` varchar(255) NOT NULL DEFAULT '',
  PRIMARY KEY (`idDH`)
) ENGINE=MyISAM  DEFAULT CHARSET=utf8 AUTO_INCREMENT=98 ;

--
-- Dumping data for table `donhang`
--

INSERT INTO `donhang` (`idDH`, `idUser`, `ThoiDiemDatHang`, `TenNguoiNhan`, `DiaDiemGiaoHang`, `TinhTrang`, `GhiChu`) VALUES
(97, 22, '2004-01-13', 'sd', 'sdsd', 0, 'sdsd'),
(96, 22, '2004-01-13', 'aaaa', 'aaaaa', 0, 'sdsdsd');

-- --------------------------------------------------------

--
-- Table structure for table `donhangchitiet`
--

CREATE TABLE IF NOT EXISTS `donhangchitiet` (
  `idChiTiet` int(4) NOT NULL AUTO_INCREMENT,
  `idDH` int(4) NOT NULL DEFAULT '0',
  `idSP` int(4) NOT NULL DEFAULT '0',
  `SoLuong` int(4) NOT NULL DEFAULT '0',
  `ThanhTien` int(4) NOT NULL DEFAULT '0',
  PRIMARY KEY (`idChiTiet`)
) ENGINE=MyISAM  DEFAULT CHARSET=utf8 AUTO_INCREMENT=149 ;

--
-- Dumping data for table `donhangchitiet`
--

INSERT INTO `donhangchitiet` (`idChiTiet`, `idDH`, `idSP`, `SoLuong`, `ThanhTien`) VALUES
(148, 97, 507, 1, 5000000);

-- --------------------------------------------------------

--
-- Table structure for table `lienket`
--

CREATE TABLE IF NOT EXISTS `lienket` (
  `idWebLink` int(4) NOT NULL AUTO_INCREMENT,
  `Ten` varchar(255) NOT NULL DEFAULT '',
  `Url` varchar(255) NOT NULL DEFAULT '',
  `ThuTu` int(4) NOT NULL DEFAULT '0',
  PRIMARY KEY (`idWebLink`)
) ENGINE=MyISAM  DEFAULT CHARSET=utf8 AUTO_INCREMENT=16 ;

--
-- Dumping data for table `lienket`
--

INSERT INTO `lienket` (`idWebLink`, `Ten`, `Url`, `ThuTu`) VALUES
(1, 'Tìm kiếm', 'http://www.google.com.vn', 1),
(11, 'Giầy thể thao', 'http://www.adidas.com', 2),
(12, 'Du Lịch', 'http://www.vietrantour.com.vn', 3),
(13, 'Mua sắm', 'http://thoitrang.com/', 4),
(14, 'Thời trang châu á', 'http://www.thoitrangchaua.com/', 5),
(15, 'Tạp chí làm đẹp', 'http://www.thoitrangchaua.com/', 6);

-- --------------------------------------------------------

--
-- Table structure for table `loaisp`
--

CREATE TABLE IF NOT EXISTS `loaisp` (
  `idLoai` int(12) NOT NULL AUTO_INCREMENT,
  `idCL` int(12) NOT NULL DEFAULT '0',
  `TenLoai` varchar(100) NOT NULL DEFAULT '',
  `TenLoai_KD` varchar(100) NOT NULL,
  `ThuTu` int(4) NOT NULL DEFAULT '1',
  `AnHien` int(1) NOT NULL DEFAULT '1',
  PRIMARY KEY (`idLoai`)
) ENGINE=MyISAM  DEFAULT CHARSET=utf8 AUTO_INCREMENT=64 ;

--
-- Dumping data for table `loaisp`
--

INSERT INTO `loaisp` (`idLoai`, `idCL`, `TenLoai`, `TenLoai_KD`, `ThuTu`, `AnHien`) VALUES
(37, 1, 'Sofa da', 'Sofa_da', 1, 1),
(38, 1, 'Sofa ni gỗ', 'Sofa_ni_go', 2, 1),
(39, 1, 'Sofa bed', 'Sofa_bed', 3, 1),
(40, 1, 'Bàn trà', 'Ban_tra', 4, 1),
(41, 1, 'Kệ tivi', 'Ke_tivi', 5, 1),
(42, 1, 'Tủ trưng bày- Tủ rượu', 'Tu_trung_bay', 6, 1),
(43, 1, 'Giường ngủ', 'Giuong_ngu', 7, 1),
(44, 1, 'Chăn-Ga-Gối-Nệm', 'Chan_ga_goi_nem', 8, 1),
(45, 1, 'Tủ quần áo', 'Tu_quan_ao', 9, 1),
(46, 1, 'Tủ đầu giường', 'Tu_dau_giường', 10, 1),
(47, 1, 'Bàn phấn -Đôn', 'Ban_phan_don', 11, 1),
(48, 1, 'Giường trẻ em', 'Giuong_tre', 12, 1),
(49, 1, 'Bàn học trẻ em', 'Ban_hoc_tre_em', 13, 1),
(50, 2, 'Đồ chơi - Trang trí trẻ em', 'Do_choi_trang_tri', 14, 1),
(51, 2, 'Bàn ghế phòng ăn', 'Ban_ghe_phong_an', 15, 1),
(52, 2, 'Hệ tủ bếp', 'He_tu_bep', 16, 1),
(53, 2, 'Bàn làm việc Giám đốc', 'Ban_lam_viec_giam_doc', 17, 1),
(54, 2, 'Bàn vi tinh', 'Ban_vi_tinh', 18, 1),
(55, 2, 'Tủ tài liệu', 'Tu_tai_lieu', 19, 1),
(56, 3, 'Bàn ghế phòng họp', 'Ban_ghe_phong_hop', 20, 1),
(57, 3, 'Đèn trang trí', 'Den_trang_tri', 21, 1),
(58, 3, 'Hoa trang trí', 'Hoa_trang_tri', 22, 1),
(59, 3, 'Nội thất Tết', 'noi_that_tet', 23, 1);

-- --------------------------------------------------------

--
-- Table structure for table `menu`
--

CREATE TABLE IF NOT EXISTS `menu` (
  `idMenu` int(11) NOT NULL AUTO_INCREMENT,
  `TenMenu` varchar(225) NOT NULL,
  `AnHien` int(11) NOT NULL DEFAULT '0',
  `Link` varchar(255) NOT NULL,
  PRIMARY KEY (`idMenu`)
) ENGINE=InnoDB  DEFAULT CHARSET=utf8 AUTO_INCREMENT=8 ;

--
-- Dumping data for table `menu`
--

INSERT INTO `menu` (`idMenu`, `TenMenu`, `AnHien`, `Link`) VALUES
(1, 'Trang Chủ', 0, 'index'),
(2, 'Giới Thiệu', 0, 'gioithieu'),
(3, 'Nội Thất', 1, 'noithat'),
(4, 'Tin Tức', 0, 'tintuc'),
(5, 'Hướng dẫn', 0, 'huongdan'),
(6, 'Khuyến Mãi', 0, 'khuyenmai'),
(7, 'Liên hệ', 0, 'lienhe');

-- --------------------------------------------------------

--
-- Table structure for table `pages`
--

CREATE TABLE IF NOT EXISTS `pages` (
  `idPage` int(11) NOT NULL AUTO_INCREMENT,
  `pageName` varchar(100) NOT NULL,
  `fileName` varchar(100) NOT NULL,
  `pageTitle` varchar(100) DEFAULT NULL,
  `metaKeyword` varchar(100) DEFAULT NULL,
  `metaDescription` varchar(100) DEFAULT NULL,
  PRIMARY KEY (`idPage`)
) ENGINE=MyISAM  DEFAULT CHARSET=utf8 AUTO_INCREMENT=10 ;

--
-- Dumping data for table `pages`
--

INSERT INTO `pages` (`idPage`, `pageName`, `fileName`, `pageTitle`, `metaKeyword`, `metaDescription`) VALUES
(1, 'trangchu', 'index1.php', 'Shopping online', 'Thời trang cho nam nữ và trẻ em', 'Bông tai, dây chuyền, nhẫn, vòng, quần áo, túi xách, ví , vớ, mắt kính, thắt lưng...'),
(2, 'trangloai', 'loaisp.php', 'Shopping online', 'Thời trang cho nam nữ và trẻ em', 'Bông tai, dây chuyền, nhẫn, vòng, quần áo, túi xách, ví , vớ, mắt kính, thắt lưng...'),
(3, 'trangchitiet', 'chitietsp.php', 'Shopping online', 'Thời trang cho nam nữ và trẻ em', 'Bông tai, dây chuyền, nhẫn, vòng, quần áo, túi xách, ví , vớ, mắt kính, thắt lưng...'),
(4, 'dangnhap', 'login.php', 'Thành viên đăng nhập', NULL, NULL),
(5, 'donhang', 'muahang.php', NULL, NULL, NULL),
(6, 'camon', 'muahangxong.php', 'Shopping online', NULL, NULL),
(7, 'dangkythanhvien', 'dangky.php', 'Đăng ký thành viên', NULL, NULL),
(8, 'logout', 'thoat.php', 'Thoát', NULL, NULL),
(9, '', 'index1.php', 'Shopping online', 'Thời trang cho nam nữ và trẻ em', 'Bông tai, dây chuyền, nhẫn, vòng, quần áo, túi xách, ví , vớ, mắt kính, thắt lưng...');

-- --------------------------------------------------------

--
-- Table structure for table `quang_cao`
--

CREATE TABLE IF NOT EXISTS `quang_cao` (
  `idQC` int(4) NOT NULL AUTO_INCREMENT,
  `MoTa` varchar(255) NOT NULL DEFAULT '',
  `Url` varchar(255) NOT NULL DEFAULT '',
  `urlHinh` varchar(255) NOT NULL DEFAULT '',
  `idLT` int(11) NOT NULL DEFAULT '0',
  `idViTri` int(4) NOT NULL DEFAULT '1',
  `SoLanClick` int(4) NOT NULL DEFAULT '0',
  PRIMARY KEY (`idQC`)
) ENGINE=MyISAM  DEFAULT CHARSET=utf8 AUTO_INCREMENT=46 ;

--
-- Dumping data for table `quang_cao`
--

INSERT INTO `quang_cao` (`idQC`, `MoTa`, `Url`, `urlHinh`, `idLT`, `idViTri`, `SoLanClick`) VALUES
(42, 'LOGO ADIDAS', 'http://www.adidas.com', 'adidas_1.jpg', 0, 1, 0),
(43, 'LOGO BURBERRY', 'http://www.burberry.com', 'burberry_1.jpg', 0, 2, 0),
(44, 'LOGO KAPPA', 'http://www.kappa.com', 'kappa_1.jpg', 0, 3, 0),
(45, 'LOGO PUMA', 'http://www.puma.com', 'puma_1.jpg', 0, 4, 0);

-- --------------------------------------------------------

--
-- Table structure for table `sanpham`
--

CREATE TABLE IF NOT EXISTS `sanpham` (
  `idSP` int(12) NOT NULL AUTO_INCREMENT,
  `idLoai` int(12) NOT NULL DEFAULT '0',
  `idCL` int(9) NOT NULL DEFAULT '0',
  `TenSP` varchar(100) NOT NULL DEFAULT '',
  `TenSP_KD` varchar(100) NOT NULL,
  `NhaSX` varchar(255) NOT NULL,
  `BaoHanh` int(11) DEFAULT '12',
  `MoTa` varchar(255) NOT NULL DEFAULT '',
  `NgayCapNhat` timestamp NOT NULL DEFAULT CURRENT_TIMESTAMP,
  `Gia` int(4) NOT NULL DEFAULT '0',
  `UrlHinh` varchar(255) NOT NULL DEFAULT '',
  `baiviet` text,
  `SoLanXem` int(4) DEFAULT '0',
  `SoLuongTonKho` int(4) DEFAULT '0',
  `GhiChu` varchar(255) DEFAULT NULL,
  `SoLanMua` int(4) DEFAULT '0',
  `AnHien` int(1) DEFAULT '1',
  PRIMARY KEY (`idSP`)
) ENGINE=MyISAM  DEFAULT CHARSET=utf8 AUTO_INCREMENT=687 ;

--
-- Dumping data for table `sanpham`
--

INSERT INTO `sanpham` (`idSP`, `idLoai`, `idCL`, `TenSP`, `TenSP_KD`, `NhaSX`, `BaoHanh`, `MoTa`, `NgayCapNhat`, `Gia`, `UrlHinh`, `baiviet`, `SoLanXem`, `SoLuongTonKho`, `GhiChu`, `SoLanMua`, `AnHien`) VALUES
(491, 44, 1, 'Chăn ga nâu xám', 'Chan_ga_nau_xam', 'Nhập khẩu', 12, '<p>* Thiết kế đẹp mắt --- mang vẻ sang trong</p>', '2009-02-02 00:00:00', 5000000, 'chan ga nguoi lon.jpg', '<h2>Kh&ocirc;ng c&oacute; b&agrave;i viết</h2>\r\n<div class="new_pro_detail_contet">&nbsp;</div>', 909, 100, NULL, 213, 1),
(492, 44, 1, 'Chăn ga gối nệm người lớn', 'Chan_ga_người lớn', 'Công ty TNHH Minh Lâm', 12, '<p>*m&agrave;u v&agrave;ng của sự sang trong---- mang lại v3 ấm &aacute;p</p>', '2009-02-02 00:00:00', 6000000, 'chan ga nguoi lon2.jpg', '<h2>Kh&ocirc;ng c&oacute; b&agrave;i viết</h2>', 803, 172, NULL, 116, 1),
(493, 44, 1, 'Chăn nhung ', 'chan_nhung', 'Công ty Cảnh Nguyễn', 12, '<p>* Ấm &aacute;p hơn với sản phẩm n&agrave;y</p>', '2009-02-02 00:00:00', 2000000, 'chan nhung.jpg', '<h2>Mịn m&agrave;ng.....d&agrave;y...</h2>\r\n<p>&nbsp;</p>', 911, 207, NULL, 131, 1),
(494, 44, 1, 'Chăn gia ô van', 'chan_ga_o_van', 'Việt Nam', 12, '<p>M&agrave;u sắc tươi trẻ</p>', '2009-02-02 00:00:00', 4000000, 'bo chan ga .jpg', '<div class="box_right">\r\n<div>&nbsp;</div>\r\n</div>', 926, 207, NULL, 106, 1),
(495, 44, 1, 'Bộ chăn gia xám trang', 'Chan_ga_trang_xam', 'Nhập khẩu', 12, '<p>H&agrave;ng mới về --- nhiều m&agrave;u sắc ch&ocirc;n lựa</p>', '2009-02-02 00:00:00', 7000000, 'Ga giuong trang .jpg', '<p>Kh&ocirc;ng c&oacute; b&agrave;i viết</p>', 582, 163, NULL, 236, 1),
(496, 44, 1, 'Nệm KimDan', 'Nem_kimdan', 'Công ty Nội thất Đức Dương', 12, '<p>Dộ nh&uacute;n tuyệt vời</p>', '2009-02-02 00:00:00', 3000000, 'nem 2 lo xo.jpg', '<h2>Kh&ocirc;ng c&oacute; b&agrave;i viết</h2>\r\n<div class="new_pro_detail_contet">&nbsp;</div>', 509, 215, NULL, 231, 1),
(497, 44, 1, 'Ruột gối cao cấp', 'Ruot_goi_cao_cap', 'Công ty TNHH Hừng Đông', 12, '<p>* Gối &ecirc;m cực kỳ--- thoải m&aacute;i</p>', '2009-02-02 00:00:00', 1000000, 'ruotgoi.jpg', '<div class="box_right">\r\n<div>Kh&ocirc;ng c&oacute; b&agrave;i viết</div>\r\n</div>', 566, 148, NULL, 238, 1),
(498, 44, 1, 'Bộ chăn ga hoa', 'Chan_ga_hoa', 'Công ty TNHH Minh Lâm', 12, '<p>L&agrave;m s&aacute;ng l&ecirc;n căn ph&ograve;ng của bạn</p>', '2009-02-02 00:00:00', 2500000, 'changabonghoa.jpg', '<div class="box_right">\r\n<div>Kh&ocirc;ng c&oacute; b&agrave;i viết</div>\r\n</div>', 861, 144, NULL, 166, 1),
(499, 44, 1, 'Bộ chăn ga vàng ', 'Chan_ga_vang', 'Nhập khẩu', 12, '<p>Trẻ trung ---- cảm gi&aacute;c ấm &aacute;p</p>', '2009-02-02 00:00:00', 4500000, 'changatre.jpg', '<div class="box_right">\r\n<ul class="item_list">\r\n    <li>Kh&ocirc;ng c&oacute; b&agrave;i ciết</li>\r\n</ul>\r\n</div>', 865, 198, NULL, 202, 1),
(501, 47, 1, 'Bàn phấn + đôn Camellia', 'Ban_phan_don', 'Nhập khẩu', 12, '<p>Mang ve sang trọng</p>', '2009-02-02 00:00:00', 1200000, 'banphancamelia.jpg', '<div class="box_right">\r\n<ul class="item_list">\r\n    <li>Kh&ocirc;ng c&oacute; b&agrave;i viết</li>\r\n</ul>\r\n</div>', 964, 147, NULL, 131, 1),
(502, 47, 1, 'Bàn phấn + đôn Jolie', 'Ban_phan_don_jole', 'Công ty TNHH Minh Lâm', 12, '<p>Tiện &iacute;ch----thuận tiện</p>', '2009-09-02 00:00:00', 2230000, 'banphanjole.jpg', '<h2>Kh&ocirc;ng c&oacute; b&agrave;i viết</h2>\r\n<div class="new_pro_detail_contet">\r\n<div class="NewsDetail_DivContent">&nbsp;</div>\r\n</div>', 956, 208, NULL, 181, 1),
(503, 47, 1, 'Bàn phấn + đôn Monde', 'Ban_phan_don_monde', 'Công ty TNHH Hừng Đông', 12, '<p>Kiểu d&aacute;ng được y&ecirc;u th&iacute;ch nhất</p>', '2009-09-02 00:00:00', 3000000, 'banphanmonde.jpg', '<p>Kh&ocirc;ng c&oacute; b&agrave;i viết</p>', 959, 182, NULL, 156, 1),
(504, 47, 1, 'Bàn phấn Adora', 'Ban_phan_adora', 'Nhập khẩu', 12, '<p>Chất liệu gỗ được nhập khẩu</p>', '2009-09-02 00:00:00', 1500000, 'banphanadora.jpg', '<h2>Kh&ocirc;ng c&oacute; b&agrave;i viết</h2>\r\n<div class="NewsDetail_DivContent">&nbsp;</div>', 546, 166, NULL, 230, 1),
(506, 37, 1, 'Sofa da S12', 'Sofa_da_S12', 'Nhập khẩu', 12, '<p>M&agrave;u sắc th&acirc;n thiện với mọi ph&ograve;ng kh&aacute;ch</p>', '2009-09-02 00:00:00', 3430000, 'sofas2.jpg', '<h2>Kh&ocirc;ng c&oacute; b&agrave;i viết</h2>', 851, 179, NULL, 100, 1),
(507, 37, 1, 'Sofa da 202', 'So_Fa_202', 'Công ty Cảnh Nguyễn', 12, '<p>*tao sự sang trong cho căn ph&ograve;ng của bạn</p>', '2009-09-02 00:00:00', 5000000, 'sofa-dep.jpg', NULL, 818, 216, NULL, 214, 1),
(508, 37, 1, 'Sofa da 333', 'So_Fa_333', 'Công ty Nội thất Đức Dương', 12, '<p><span style="color: rgb(95, 95, 95); text-align: justify;">Một&nbsp;</span><a href="http://noithatducduong.com/products/noi-that-phong-khach/" style="color: rgb(0, 0, 0); text-decoration: initial; text-align: justify;">kh&ocirc;ng gian ph&ograve;ng kh&', '2009-09-02 00:00:00', 9799000, 'noi-that-phong-khach-2.jpg', '<p>&nbsp;<strong style="color: rgb(95, 95, 95); font-family: Arial;">Th&agrave;nh phần bao gồm:</strong></p>\r\n<p style="margin: 0px; padding: 0px; color: rgb(95, 95, 95); font-family: Arial;"><strong><a href="http://noithatducduong.com/products/noi-that-phong-khach/" style="color: rgb(0, 0, 0); text-decoration: initial;">Bộ sofa</a>&nbsp;mắt b&atilde;o:</strong></p>\r\n<p style="margin: 0px; padding: 0px; color: rgb(95, 95, 95); font-family: Arial; text-align: justify;">Ghế sofa được tạo n&ecirc;n từ chất liệu gỗ c&ocirc;ng nghiệp phủ Veneer c&oacute; kết cấu rất chắc chắn. &nbsp;Với h&igrave;nh d&aacute;ng d&agrave;i, điệu đ&agrave; được phủ l&ecirc;n tr&ecirc;n l&agrave; lớp vải m&uacute;t mềm mại, l&agrave;m to&aacute;t l&ecirc;n vẻ sang trọng, lịch l&atilde;m cho căn ph&ograve;ng. &nbsp;&nbsp;</p>\r\n<p style="margin: 0px; padding: 0px; color: rgb(95, 95, 95); font-family: Arial; text-align: justify;">Đối với những gia đ&igrave;nh lớn, thường xuy&ecirc;n phải đ&oacute;n tiếp c&aacute;c vị kh&aacute;ch gh&eacute; thăm, th&igrave; việc lựa chọn kiểu d&aacute;ng ghế d&agrave;i l&agrave; ph&ugrave; hợp nhất. Một mặt n&oacute; cho ph&eacute;p nhiều người ngồi tr&ecirc;n đ&oacute;, mặt kh&aacute;c n&oacute; cũng gi&uacute;p bố cục căn ph&ograve;ng ổn định v&agrave; c&oacute; điểm nhấn.</p>', 659, 167, NULL, 160, 1),
(509, 37, 1, 'Sofa da trẻ trung', 'So_Fa_tre_trung', 'Công ty TNHH Minh Lâm', 12, '<p>Mẫu thiết kế n&agrave;y d&agrave;nh ri&ecirc;ng cho những người y&ecirc;u th&iacute;ch vẻ đẹp c&oacute; t&iacute;nh ho&agrave;i cổ. N&oacute; l&agrave; sự s&aacute;ng tạo tinh tế giữa những đường n&eacute;t, h&igrave;nh d&aacute;ng truyền thống với ngh', '2009-09-02 00:00:00', 9549000, 'noi-that-phong-khach-3.jpg', NULL, 544, 153, NULL, 126, 1),
(510, 37, 1, 'Sofa da đơn giản', 'So_Fa_don_gian', 'Nhập khẩu', 12, '<p>Với những căn hộ trung cư c&oacute; diện t&iacute;ch vừa v&agrave; nhỏ, bạn kh&ocirc;ng thể b&agrave;i tr&iacute; qu&aacute; nhiều đồ đạc trong ph&ograve;ng kh&aacute;ch v&igrave; vậy&nbsp;</p>', '2009-09-02 00:00:00', 8249000, 'phong-khach-dep-hien-dai.jpg', '<h2>Kh&ocirc;ng c&oacute; b&agrave;i viết</h2>', 936, 149, NULL, 247, 1),
(511, 37, 1, 'Sofa da cá tính', 'So_Fa_ca_tinh', 'Công ty Nội thất Đức Dương', 12, '<p>Lấy t&ocirc;ng trầm l&agrave;m m&agrave;u sắc chủ đạo cho c&aacute;c đồ&nbsp;<a href="http://noithatducduong.com/">nội thất</a>, mẫu ph&ograve;ng kh&aacute;ch n&agrave;y muốn nhấn mạnh đến sự c&aacute; t&iacute;nh, mang đậm&nbsp;</p>', '2009-09-02 00:00:00', 7890000, 'noi-that-phong-khach-dep-1.jpg', '<h2>Kh&ocirc;ng c&oacute; b&agrave;i viết</h2>', 644, 183, NULL, 117, 1),
(512, 37, 1, 'Sofa da AH61', 'Sofa_da_AH61', 'Công ty Nội thất Đức Dương', 12, '<p>* Tổ d8ien63 th&ecirc;m cho phong kh&aacute;ch của bạn</p>', '2009-09-02 00:00:00', 7599000, 'sofa-ah61.jpg', NULL, 939, 174, NULL, 152, 1),
(513, 37, 1, 'Sofa Góc', 'So_Fa_goc', 'Nhập khẩu', 12, '<p>*M&ugrave;a sắc đẹp mắc</p>', '2009-09-02 00:00:00', 7199000, 'sofagoc.jpg', NULL, 634, 188, NULL, 161, 1),
(514, 37, 1, 'Sofa da cổ điển', 'So_Fa_co_dien', 'Công ty Cảnh Nguyễn', 12, '<p>* Mang n&eacute;t cổ xưa</p>', '2009-09-02 00:00:00', 6099000, 'sofacodien.jpg', NULL, 852, 166, NULL, 117, 1),
(516, 39, 1, 'Sofa bed 02', 'Sofa_bed_02', 'Công ty TNHH Bình Dương', 12, '<p>* Đẹp khỏi ch&ecirc;</p>', '2011-10-02 00:00:00', 1999000, 'sofabeb2.jpg', '<h1 class="features_subject"><font size="2">Kh&ocirc;ng c&oacute; b&agrave;i viết</font></h1>', 902, 212, NULL, 115, 1),
(517, 39, 1, 'Sofa bed', 'Sofa_bed', 'Công ty TNHH Bình Dương', 12, '<p>*M&agrave;u đen quy&eacute;n rũ</p>', '2011-10-02 00:00:00', 1699000, 'sofabeb.jpg', '<p><font color="#084b8b" size="4">Kh&ocirc;ng c&oacute; b&agrave;i viết</font></p>', 778, 159, NULL, 153, 1),
(518, 39, 1, 'Sofa bed màu tím', 'Sofa_beb_tim', 'Nhập khẩu', 12, '<p>M&agrave;u t&iacute;m của bộ sofa mang lại vẻ quyến rũ</p>', '2011-10-02 00:00:00', 1679000, 'sofabebtim.jpg', '<div class="new_pro_detail_contet"><b>Kh&ocirc;ng c&oacute; b&agrave;i viết</b></div>', 990, 143, NULL, 188, 1),
(519, 39, 1, 'Sofa bed S011-1 màu nâu', 'Sofa_bed_S011-1', 'Công ty TNHH Minh Lâm', 12, '<p>* Thiết kế nắp gập thời trang     *</p>', '2011-10-02 00:00:00', 1589000, 'sofabebs0011.jpg', '<p>Kh&ocirc;ng c&oacute; b&agrave;i viết</p>', 763, 189, NULL, 157, 1),
(520, 39, 1, 'Sofa bed nâu xám', 'Sofa_bed_nau_xam', 'Công ty Cảnh Nguyễn', 12, '<p>* Kiểu d&aacute;ng trượt thời trang&nbsp;</p>', '2011-10-02 00:00:00', 1519000, 'sofabebnau.jpg', '<p>&nbsp;&nbsp;&nbsp; * Kiểu d&aacute;ng trượt thời trang&nbsp;&nbsp;</p>', 812, 173, NULL, 186, 1),
(521, 39, 1, 'Sofa bed vài nhung', 'Sofa_bed_nhung', 'Công ty Nội thất Đức Dương', 12, '<p>* Kiểu trượt thời trang&nbsp;</p>', '2011-10-02 00:00:00', 1359000, 'sofas03.jpg', '<div class="new_pro_detail_contet">\r\n<h3>Thiết kế đẹp</h3>\r\nThiết kế hiện đại, kiểu d&aacute;ng nhỏ gọn</div>', 552, 191, NULL, 105, 1),
(522, 41, 1, ' Tủ tivi L2200', 'Ke_tivi_l2000', 'Công ty Nội thất Đức Dương', 12, '<p>Tiện lợi ---gọn g&agrave;ng</p>', '2011-11-02 00:00:00', 9989000, 'ketiviL2200.jpg', '<p class="Normal" style="text-align: justify;">Sản phẩm  đỉnh cao nhất của c&ocirc;ng ty</p>', 990, 216, NULL, 105, 1),
(523, 40, 1, 'Bàn trà 001', 'Ban_tra_001', 'Công ty TNHH Hừng Đông', 12, '<p>Nh&igrave;n sang trọng</p>', '2011-11-02 00:00:00', 9989000, 'bantra.jpg', NULL, 711, 212, NULL, 153, 1),
(524, 41, 1, 'Tủ tivi D2000', 'Tu_tiv_D2000', 'Nhập khẩu', 12, '<p>Chất liệu gỗ được nhập khẩu</p>', '2011-11-02 00:00:00', 9949000, 'ketiviL2222.jpg', '<h2 style="color: #ff9501; padding: 5px 0px 3px 10px; margin: 0px; font-weight: bolder;">Kh&ocirc;ng c&oacute; b&agrave;i viết</h2>', 687, 171, NULL, 125, 1),
(525, 43, 1, 'Giường đôi Jolie 1.6m', 'Giuong_doi_Jolie_1.6m', 'Công ty TNHH Hừng Đông', 12, '<p>M&agrave;u sắc ấm &aacute;p</p>', '2011-11-02 00:00:00', 9799000, 'giuongngJole.jpg', '<div class="newstitle">\r\n<h1>Kh&ocirc;ng c&oacute; b&agrave;i viết</h1>\r\n</div>', 788, 186, NULL, 249, 1),
(526, 39, 1, 'Sofa bed nhung tím', 'Sofa_bed_nhung_tim', 'Nhập khẩu', 12, '<p>M&agrave;u sắc trẻ trung</p>', '2011-11-02 00:00:00', 9479000, 'sofas04.jpg', '<h2 style="color: #ff9501; padding: 5px 0px 3px 10px; margin: 0px; font-weight: bolder;"><br />\r\nSản phẩm vừa ra mắt</h2>', 742, 211, NULL, 194, 1),
(527, 41, 1, 'Hệ tủ Tivi Modena', 'He_tu_Tivi_Modena', 'Nhập khẩu', 12, '<p>Rộng r&atilde;i</p>', '2011-11-02 00:00:00', 8999000, 'ketiviL2333.jpg', NULL, 941, 222, NULL, 164, 1),
(528, 41, 1, 'Tủ Tivi Impress', 'Tu_tivi_Impress', 'Công ty TNHH Hừng Đông', 12, '<p>Đẹp&nbsp;Đẹp&nbsp;Đẹp&nbsp;Đẹp&nbsp;Đẹp&nbsp;Đẹp&nbsp;</p>', '2011-11-02 00:00:00', 14990000, 'ketiviL2444.jpg', '<p class="Normal"><br />\r\n&nbsp;</p>', 791, 186, NULL, 219, 1),
(529, 41, 1, 'Tủ tivi M28', 'Tu_tivi_M28', 'Nhập khẩu', 12, '<p>M&igrave;nh đẹp mắt</p>', '2011-11-02 00:00:00', 8979000, 'ketiviL2555.jpg', NULL, 561, 181, NULL, 137, 1),
(530, 41, 1, 'Tủ Tivi 47123006', 'Tu_tiv_47123', 'Công ty TNHH Minh Lâm', 12, '<p>* Rộng ---để được nhiều đồ</p>', '2011-11-02 00:00:00', 14440000, 'ketiviL2777.jpg', '<p>&nbsp;Kh&ocirc;ng c&oacute; b&agrave;i viết</p>', 889, 174, NULL, 101, 1),
(531, 42, 1, 'Tủ ly', 'Tu_ly', 'Công ty TNHH Hừng Đông', 12, '<p>Nh&igrave;n sang trọng</p>', '2011-11-02 00:00:00', 8888000, 'tuly.jpg', NULL, 903, 144, NULL, 156, 1),
(532, 39, 1, ' Sofa bed xanh', ' Sofa_bed_xanhxanh', 'Công ty Cảnh Nguyễn', 12, '<p>* M&agrave;u sắc tươi s&aacute;ng</p>', '2011-11-02 00:00:00', 14189000, 'sofas04.jpg', '<h2>Kh&ocirc;ng c&oacute; b&agrave;i viết</h2>', 640, 154, NULL, 228, 1),
(533, 45, 1, ' Tủ áo Mangolia', 'Tu_ao_Magolia', '', 12, '<p>Đựng được nhiều đồ</p>', '2011-11-02 00:00:00', 13990000, 'tuuanao01.jpg', '<div class="new_pro_detail_contet">Kh&ocirc;ng c&oacute; b&agrave;i viết</div>', 700, 168, NULL, 150, 1),
(534, 39, 1, 'Sofa bed Vải lụa', 'Sofa_bed_lua', 'Công ty TNHH Hừng Đông', 12, '<p>M&agrave;u sắc đẹp</p>', '2011-11-02 00:00:00', 8849000, 'sofas05.jpg', '<div class="newstitle">\r\n<h1>Kh&ocirc;ng c&oacute; b&agrave;i viết</h1>\r\n</div>', 820, 198, NULL, 152, 1),
(536, 43, 1, 'Giường Fence', 'Giuong_Ngu_Fence', 'Nhập khẩu', 12, '<p>Thoải m&aacute;i....ngủ ngon giấc</p>', '2011-11-02 00:00:00', 13900000, 'giuongngFence.jpg', '<h2>kh&ocirc;ng c&oacute; b&agrave;i viết</h2>', 801, 216, NULL, 173, 1),
(537, 41, 1, 'Tủ TV Plain 1', 'Tu_tivi_Plain 1', 'Công ty TNHH Hừng Đông', 12, '<p>Nhỏ gọn</p>', '2011-11-02 00:00:00', 6999000, 'ketiviL2777.jpg', '<p class="Title">Kh&ocirc;ng c&oacute; b&agrave;i viết</p>', 1000, 145, NULL, 137, 1),
(539, 41, 1, 'Tủ Tivi Angular', 'Tu_tivi_angular', 'Công ty TNHH Minh Lâm', 12, '<p>Đẹp&nbsp;Đẹp&nbsp;Đẹp&nbsp;Đẹp&nbsp;Đẹp</p>', '2011-11-02 00:00:00', 13699000, 'ketiviL288.jpg', '<h2>Kh&ocirc;ng c&oacute; b&agrave;i viết</h2>', 675, 151, NULL, 143, 1),
(540, 38, 1, 'Đôn 8250', 'Đon_8250', 'Nhập khẩu', 12, '<p>nhỏ gọn đẹp</p>', '2011-11-02 00:00:00', 6599000, 'Sofani01.jpg', '<h2 style="color: #ff9501; padding: 5px 0px 3px 10px; margin: 0px; font-weight: bolder;">Kh&ocirc;ng c&oacute; b&agrave;i viết</h2>\r\n<div class="new_pro_detail_contet" style="padding: 5px 3px 5px 10px;">&nbsp;</div>', 589, 182, NULL, 182, 1),
(541, 40, 1, 'Bàn trà Inox', 'Ban_tra_002', 'Nhập khẩu', 12, '<p>Chắc chắc...cứng c&aacute;p</p>', '2011-11-02 00:00:00', 12989000, 'bantra01.jpg', '<div class="newsintro">\r\n<p>Kh&ocirc;ng c&oacute; b&agrave;i viết</p>\r\n</div>\r\n<div class="newscontent">&nbsp;</div>', 886, 183, NULL, 160, 1),
(542, 43, 1, 'Giường đơn 33001011', 'Giuong_Ngu_33001', 'Nhập khẩu', 12, '<p>Rộng r&atilde;i --đủ 2 người ngủ</p>', '2011-11-02 00:00:00', 6449000, 'giuongng330.jpg', '<p>Kh&ocirc;ng c&oacute; b&agrave;i viết</p>', 640, 216, NULL, 197, 1),
(546, 38, 1, 'Ghế rời 8250', 'Ghe_roi', 'Công ty Cảnh Nguyễn', 12, '<p>Kiều d&aacute;ng đẹp</p>', '2011-11-02 00:00:00', 12899000, 'Sofani02.jpg', '<h2>Kh&ocirc;ng c&oacute; b&agrave;i viết</h2>', 848, 216, NULL, 164, 1),
(549, 38, 1, 'Sofa góc 8319', 'Sofa_goc_8319', 'Công ty TNHH Hừng Đông', 12, '<p>* Kiểu d&aacute;ng thanh mảnh thời trang&nbsp;</p>', '2011-11-02 00:00:00', 1849000, 'Sofani03.jpg', '<div class="newstitle">\r\n<h1>Kh&ocirc;ng c&oacute; b&agrave;i viết</h1>\r\n</div>\r\n<div class="newscontent">&nbsp;</div>', 550, 192, NULL, 109, 1),
(550, 40, 1, 'Bàn trà  Inox02', 'Ban_tra_003', 'Công ty TNHH Hừng Đông', 12, '<p>Kiểu d&aacute;ng đẹp</p>', '2011-11-02 00:00:00', 5889000, 'bantra02.jpg', '<h2 style="color: #ff9501; padding: 5px 0px 3px 10px; margin: 0px; font-weight: bolder;">Kh&ocirc;ng c&oacute; b&agrave;i viết</h2>\r\n<div class="new_pro_detail_contet" style="padding: 5px 3px 5px 10px;">&nbsp;</div>', 733, 174, NULL, 124, 1),
(553, 40, 1, 'Bàn trà', 'Ban_tra_004', 'Công ty Cảnh Nguyễn', 12, '<p>Kiều d&aacute;ng đẹp</p>', '2011-11-02 00:00:00', 1749000, 'bantra03.jpg', '<div class="new_pro_detail_contet">\r\n<h4>Kh&ocirc;ng c&oacute; b&agrave;i viết</h4>\r\n</div>', 609, 169, NULL, 235, 1),
(555, 38, 1, 'Sofa góc 8251', 'Sofa)goc_8251', 'Công ty Nội thất Đức Dương', 12, '<p>Kiều d&aacute;ng đẹp</p>', '2011-11-02 00:00:00', 1650000, 'Sofani04.jpg', '<p>Kh&ocirc;ng c&oacute; b&agrave;i viết</p>', 908, 161, NULL, 214, 1),
(558, 46, 1, ' Tủ đầu giường Modena cherry', 'Tu_dua_giuong', 'Nhập khẩu', 12, '<p>Chất liệu nhập khẩu</p>', '2011-11-02 00:00:00', 1589000, 'tudaugiuong01.jpg', '<p>SẢN PHẨM N&Agrave;Y KH&Ocirc;NG C&Oacute; B&Agrave;I VIẾT</p>', 603, 154, NULL, 122, 1),
(559, 43, 1, 'Giường đôi Infinite 1.6m', 'Giuong_Ngu', 'Công ty TNHH Minh Lâm', 12, '<p>Đẹp...sang trộng</p>', '2011-11-02 00:00:00', 5349000, 'giuongngInfi.jpg', '<h2 style="color: #ff9501; padding: 5px 0px 3px 10px; margin: 0px; font-weight: bolder;">Kh&ocirc;ng c&oacute; b&agrave;i viết</h2>', 747, 160, NULL, 112, 1),
(560, 46, 1, ' Tủ đầu giường', ' Tu_dau_giuong', 'Công ty Nội thất Đức Dương', 12, '<p>* Kiểu d&aacute;ng trượt thời trang</p>', '2011-11-02 00:00:00', 1589000, 'tudaugiuong02.jpg', '<p>SẢN PHẦM KH&Ocirc;NG C&Oacute; B&Agrave;I VIẾT</p>', 736, 181, NULL, 149, 1),
(566, 38, 1, 'Sofa góc 2034', 'Sofa_goc_2034', 'Công ty TNHH Bình Dương', 12, '<p>M&agrave;u sắc đẹp</p>', '2011-11-02 00:00:00', 4800000, 'Sofani05.jpg', '<p><font size="3"><b>Kh&ocirc;ng c&oacute; b&agrave;i viết</b></font></p>\r\n<div class="content-noidung">&nbsp;</div>', 875, 177, NULL, 226, 1),
(567, 38, 1, 'Sofa góc Corner', 'Sofa_goc_Corner', 'Nhập khẩu', 12, '<p>* Thiết kế cổ điển thời trang&nbsp;</p>', '2011-11-02 00:00:00', 1550000, 'Sofani06.jpg', '<p><font size="3"><b>Kh&ocirc;ng c&oacute; b&agrave;i viết</b></font></p>\r\n<div class="Normal">&nbsp;</div>', 871, 222, NULL, 103, 1),
(569, 38, 1, 'Sofa góc 8279 + đôn', 'Sofa_goc_8279', 'Công ty Nội thất Đức Dương', 12, '<p>* Kiểu d&aacute;ng thẳng, vu&ocirc;ng mạnh mẽ&nbsp;</p>', '2011-11-02 00:00:00', 1489000, 'Sofani07.jpg', '<p><b>Kh&ocirc;ng c&oacute; b&agrave;i viết</b></p>', 641, 156, NULL, 177, 1),
(574, 46, 1, ' Tủ đầu giường Mangolia', 'tu_dau_guong123', 'Công ty TNHH Minh Lâm', 12, '<p>* Thiết kế thời trang với kiểu trượt</p>', '2011-11-02 00:00:00', 1389000, 'tudaugiuong03.jpg', '<p><span style="font-size: 13px;"><span style="color: black; font-family: Verdana;">SẢN PHẦM KH&Ocirc;NG C&Oacute; B&Agrave;I VIẾT</span></span></p>', 674, 178, NULL, 174, 1),
(582, 43, 1, 'Giường đôi Flower 1.6m', 'Giuong_Ngu_doi', 'Công ty Cảnh Nguyễn', 12, '<p>Tho&aacute;i m&aacute;i giấc ngủ</p>', '2011-11-02 00:00:00', 3990000, 'giuongng003.jpg', '<p class="Normal" style="margin: 14px 0px; line-height: 18px;"><b>Kh&ocirc;ng c&oacute; b&agrave;i viết</b></p>', 626, 178, NULL, 153, 1),
(583, 38, 1, ' Sofa góc', 'Sofa_goc', 'Nhập khẩu', 12, '<p>M&agrave;u sắc đẹp</p>', '2011-11-02 00:00:00', 3989000, 'Sofani08.jpg', '<p><b>Kh&ocirc;ng c&oacute; b&agrave;i viết</b></p>', 591, 190, NULL, 241, 1),
(586, 38, 1, 'Sofa gỗ 2+3 tay thẳng', 'sofa_go_2+3', 'Nhập khẩu', 12, '<p>CHẤT LIỆU GỖ &nbsp;NHẬP KHẨU</p>', '2011-11-02 00:00:00', 3589000, 'Sofani09.jpg', '<p><b>Kh&ocirc;ng c&oacute; b&agrave;i viết</b></p>', 635, 140, NULL, 119, 1),
(587, 40, 1, 'Bàn cafe', 'Ban_cafe', 'Công ty Nội thất Đức Dương', 12, '<p>Kiểu d&aacute;ng đẹp</p>', '2011-11-02 00:00:00', 3589000, 'bantra04.jpg', '<h2 style="color: #ff9501; padding: 5px 0px 3px 10px; margin: 0px; font-weight: bolder;">Kh&ocirc;ng c&oacute; b&agrave;i viết</h2>', 513, 139, NULL, 153, 1),
(605, 40, 1, 'Bàn cafe mặt kính', 'Ban_cafe_kinh', 'Nhập khẩu', 12, '<p>Chắc chắn-- đẹp</p>', '0000-00-00 00:00:00', 2389000, 'bantra05.jpg', '<div class="produc_details">\r\n<div class="clear hastable">\r\n<div class="clear">\r\n<h2>Kh&ocirc;ng c&oacute; b&agrave;i viết</h2>\r\n</div>\r\n</div>\r\n</div>', 903, 137, NULL, 102, 1),
(612, 45, 1, 'Tủ áo', 'tu_ao', 'Công ty Cảnh Nguyễn', 12, '<p>Rộng r&atilde;i---đẹp</p>', '0000-00-00 00:00:00', 6452000, 'tuuanao02.jpg', '<h1>Kh&ocirc;ng c&oacute; b&agrave;i viết</h1>\r\n<div id="articleText">\r\n<div class="articleBodyContent">&nbsp;</div>\r\n</div>', 723, 195, NULL, 101, 1),
(614, 45, 1, ' Tủ áo Mangolia', 'Tu_ao_Magolia', 'Công ty Nội thất Đức Dương', 12, '<p>M&agrave;u sắc đẹp</p>', '0000-00-00 00:00:00', 7458000, 'tuuanao03.jpg', '<p>Kh&ocirc;ng c&oacute; b&agrave;i viết</p>', 957, 171, NULL, 238, 1),
(619, 46, 1, 'ủ đầu giường Adora', 'tu_dau_guong_adroa', '', 12, '<p>Kiểu d&aacute;ng đẹp</p>', '0000-00-00 00:00:00', 1489000, 'tudaugiuong04.jpg', '<p>&nbsp;kh&ocirc;ng c&oacute; b&agrave;i viết</p>', 834, 143, NULL, 211, 1),
(620, 46, 1, ' Tủ đầu giường Camellia', 'tu_dau_guong_camelli', 'Công ty TNHH Bình Dương', 12, '<p>Kiểu d&aacute;ng trượt thời trang&nbsp;</p>', '0000-00-00 00:00:00', 1489000, 'tudaugiuong05.jpg', '<p>&nbsp;Kh&ocirc;ng c&oacute; b&agrave;i viết</p>', 807, 150, NULL, 225, 1),
(627, 45, 1, 'Tủ áo Camelia', 'tu_ao_camellia', 'Nhập khẩu', 12, '<p>- Rộng chỗ để đồ</p>', '0000-00-00 00:00:00', 7894000, 'tuuanao04.jpg', '<div class="newstitle">\r\n<h1>Kh&ocirc;ng c&oacute; b&agrave;i viết</h1>\r\n</div>', 670, 214, NULL, 172, 1),
(630, 45, 1, ' Tủ áo Fence', ' Tu_ao_ Fence', 'Nhập khẩu', 12, '<p>- M&agrave;u sắc tươi s&aacute;ng</p>', '0000-00-00 00:00:00', 6745000, 'tuuanao05.jpg', '<p>Kh&ocirc;ng c&oacute; b&agrave;i viết</p>', 680, 155, NULL, 127, 1),
(635, 45, 1, 'Tủ ngăn kéo', 'Tu_ngan_keo', 'Công ty Cảnh Nguyễn', 12, '<p>Kiểu d&aacute;ng nhỏ gọn</p>', '0000-00-00 00:00:00', 7524000, 'tuuanao06.jpg', '<h2>Kh&ocirc;ng c&oacute; b&agrave;i viết</h2>', 721, 206, NULL, 109, 1),
(646, 40, 1, 'Bàn cafe đen', 'Ban_cafe_đen', 'Công ty TNHH Hừng Đông', 12, '<p>Kiểu d&aacute;ng sang trong</p>', '0000-00-00 00:00:00', 11989000, 'bantra06.jpg', '<p><b>Kh&ocirc;ng c&oacute; b&agrave;i viết</b></p>', 622, 154, NULL, 132, 1),
(647, 48, 1, 'Bộ chăn ga trẻ em', 'Chan_ga_tre_em', 'Công ty Nội thất Đức Dương', 12, '<p>M&agrave;u sắc h&agrave;i h&ograve;a</p>', '0000-00-00 00:00:00', 43000000, 'giuongtrem.jpg', '<p><b>Kh&ocirc;ng c&oacute; b&agrave;i viết</b></p>', 725, 152, NULL, 229, 1),
(648, 48, 1, 'Bộ chăn ga trẻ em 02', 'Chan_ga_tre_em_02', 'Nhập khẩu', 12, '<p>- M&agrave;u trẻ em ưu th&iacute;ch nhất</p>', '0000-00-00 00:00:00', 80000000, 'giuongtrem01.jpg', '<p>Kh&ocirc;ng c&oacute; b&agrave;i viết</p>', 945, 193, NULL, 219, 1),
(649, 40, 1, ' Bàn trà silver', ' Ban_tra_silver', 'Công ty Nội thất Đức Dương', 12, '<p>Thiết kế hiện đại&nbsp;</p>', '0000-00-00 00:00:00', 10989000, 'bantra07.jpg', '<p>Kh&ocirc;ng c&oacute; b&agrave;i viết</p>', 632, 146, NULL, 229, 1),
(650, 40, 1, ' Bàn trà Future', ' Ban_tra_Future', 'Công ty TNHH Bình Dương', 12, '<p>Kiểu d&aacute;ng đẹp</p>', '0000-00-00 00:00:00', 8799000, 'bantra08.jpg', '<h1 class="Title" style="color: #810004; padding-left: 10px; font: bold 20px Arial;">Sản phẩm được mua nhiều nhất</h1>', 626, 176, NULL, 118, 1),
(652, 48, 1, 'Bộ chăn ga trẻ em màu hồng', 'Chan_ga_tre_em_hong', 'Công ty TNHH Minh Lâm', 12, '<p>M&agrave;u sắc đẹp</p>', '0000-00-00 00:00:00', 56000000, 'giuongtrem02.jpg', '<p>Kh&ocirc;ng c&oacute; b&agrave;i viết</p>', 788, 194, NULL, 127, 1),
(653, 48, 1, 'Bộ Energy', 'Bo_Energy', 'Công ty Cảnh Nguyễn', 12, '<p>M&agrave;u sắc tươi đẹp</p>', '0000-00-00 00:00:00', 50452000, 'giuongtrem03.jpg', '<p>SẢN PHẨM KH&Ocirc;NG C&Oacute; B&Agrave;I VIẾT</p>', 799, 163, NULL, 177, 1),
(656, 48, 1, 'Bộ Casanova', 'Bo_Casanova', 'Nhập khẩu', 12, '<p>M&agrave;u sắc h&agrave;i h&ograve;a</p>', '0000-00-00 00:00:00', 72000000, 'giuongtrem04.jpg', '<p><font size="3">Kh&ocirc;ng c&oacute; b&agrave;i viết</font></p>', 885, 206, NULL, 206, 1),
(670, 49, 1, 'Bàn học bút ch́    ', 'Ban_hoc_tre_em', 'Công ty Nội thất Đức Dương', 12, '<p>nhỏ gọn</p>', '0000-00-00 00:00:00', 1789000, 'banhoc.jpg', '<h2>B&agrave;i viết về sản phẩm&nbsp;</h2>', 669, 136, NULL, 120, 1),
(671, 49, 1, 'Bộ bàn + Ghế', 'Bo_ban_ghe', 'Công ty TNHH Bình Dương', 12, '<p>Tiện &iacute;ch</p>', '0000-00-00 00:00:00', 1589000, 'banhoc01.jpg', '<p><b>Kh&ocirc;ng c&oacute; b&agrave;i viết</b></p>', 901, 176, NULL, 141, 1),
(672, 49, 1, 'Bộ bàn tṛn trẻ em + ghế lưng', 'B0_ban_ghe_tre_em', 'Nhập khẩu', 12, '<p>*M&agrave;u sắc bắt mắt</p>', '0000-00-00 00:00:00', 1489000, 'banhoc02.jpg', '<p><span class="Promotion_Item">Kh&ocirc;ng c&oacute; b&agrave;i viết</span></p>', 864, 187, NULL, 224, 1),
(686, 37, 0, ' Bàn ăn Fence', ' Ban_an_Fence', 'Nhập khẩu', 12, '<p>&nbsp;Kiểu d&aacute;ng sang trọng</p>', '2004-01-13 16:47:33', 2500000, 'banan02.jpg', '<p>&nbsp;Kh&ocirc;ng c&oacute; b&agrave;i viết</p>', 0, 200, NULL, 0, 1),
(684, 51, 0, ' Bộ bàn ăn chữ nhật', 'ban_ghe_phong_an', 'Nhập khẩu', 12, '<p>&nbsp;Đủ chỗ cho cả nh&agrave;</p>', '2004-01-13 16:44:36', 2000000, 'banan.jpg', '<p>&nbsp;kh&ocirc;ng c&oacute; b&agrave;i viết</p>', 0, 50, NULL, 0, 1),
(685, 51, 0, 'Bộ bàn ăn Corona', 'Ban_ab_corona', 'Công ty Cảnh Nguyễn', 12, '<p>&nbsp;Sang trong</p>', '2004-01-13 16:45:35', 3000000, 'banan01.jpg', '<p>&nbsp;Kh&ocirc;ng c&oacute; b&agrave;i viết</p>', 0, 200, NULL, 0, 1),
(682, 50, 0, ' Gấu trai gái', ' Gau_trai_gai', 'Công ty TNHH Bình Dương', 12, '<p>&nbsp;Mềm mại&nbsp;</p>', '2004-01-13 16:40:41', 500000, 'dochoi.jpg', '<p>&nbsp;Kh&ocirc;ng c&oacute; b&agrave;i viết</p>', 0, 10, NULL, 0, 1),
(683, 50, 0, 'Vòng cổ', 'vòng_co', 'Công ty Cảnh Nguyễn', 12, '<p>&nbsp;Đẹp bắt mắt</p>', '2004-01-13 16:42:53', 600000, 'dochoi2.jpg', '<p>&nbsp;kh&ocirc;ng c&oacute; b&agrave;i viết</p>', 0, 100, NULL, 0, 1),
(679, 37, 0, 'Giường ngủ cao cấp', 'Giuong_Ngu', '', 12, '<p>Tương đối được</p>', '0000-00-00 00:00:00', 15000000, 'codien3.jpg', '<p>&nbsp;Kh&ocirc;ng c&oacute; b&agrave;i viết</p>', 0, 20, NULL, 0, 1);

-- --------------------------------------------------------

--
-- Table structure for table `sanpham_comment`
--

CREATE TABLE IF NOT EXISTS `sanpham_comment` (
  `id_comment` int(11) NOT NULL AUTO_INCREMENT,
  `idSP` int(11) NOT NULL,
  `hoten` varchar(150) NOT NULL,
  `email` varchar(150) NOT NULL,
  `tieude` varchar(200) NOT NULL,
  `noidung` text NOT NULL,
  `ngay_comment` date DEFAULT NULL,
  `kiem_duyet` tinyint(4) NOT NULL DEFAULT '0',
  PRIMARY KEY (`id_comment`)
) ENGINE=MyISAM DEFAULT CHARSET=utf8 AUTO_INCREMENT=1 ;

--
-- Dumping data for table `sanpham_comment`
--


-- --------------------------------------------------------

--
-- Table structure for table `sanpham_hinh`
--

CREATE TABLE IF NOT EXISTS `sanpham_hinh` (
  `id_hinh` int(11) NOT NULL AUTO_INCREMENT,
  `idSP` int(11) NOT NULL,
  `urlHinh` varchar(150) NOT NULL,
  `stt` int(11) NOT NULL DEFAULT '1',
  `anhien` tinyint(4) NOT NULL DEFAULT '1',
  PRIMARY KEY (`id_hinh`)
) ENGINE=MyISAM  DEFAULT CHARSET=utf8 AUTO_INCREMENT=1166 ;

--
-- Dumping data for table `sanpham_hinh`
--

INSERT INTO `sanpham_hinh` (`id_hinh`, `idSP`, `urlHinh`, `stt`, `anhien`) VALUES
(1, 500, 'HTC_viva_3.jpg', 1, 1),
(2, 500, 'HTC_viva_3.jpg', 1, 1),
(3, 500, 'HTC_viva_3.jpg', 1, 1),
(4, 500, 'HTC_viva_3.jpg', 1, 1),
(5, 491, 'HTC_HDmini_5.jpg', 1, 1),
(6, 491, 'HTC_HDmini_5.jpg', 1, 1),
(7, 491, 'HTC_HDmini_5.jpg', 1, 1),
(8, 491, 'HTC_HDmini_5.jpg', 1, 1),
(9, 491, 'HTC_HDmini_5.jpg', 1, 1),
(10, 491, 'HTC_HDmini_5.jpg', 1, 1),
(11, 491, 'HTC_HDmini_5.jpg', 1, 1),
(12, 492, 'HTC_HDmini_5.jpg', 1, 1),
(13, 492, 'HTC_HDmini_5.jpg', 1, 1),
(14, 492, 'HTC_HDmini_5.jpg', 1, 1),
(15, 492, 'HTC_HDmini_5.jpg', 1, 1),
(16, 492, 'HTC_HDmini_5.jpg', 1, 1),
(17, 492, 'HTC_HDmini_5.jpg', 1, 1),
(18, 492, 'HTC_HDmini_5.jpg', 1, 1),
(19, 492, 'HTC_HDmini_5.jpg', 1, 1),
(20, 492, 'HTC_HDmini_5.jpg', 1, 1),
(21, 492, 'HTC_HDmini_5.jpg', 1, 1),
(22, 492, 'HTC_HDmini_5.jpg', 1, 1),
(23, 492, 'HTC_HDmini_5.jpg', 1, 1),
(24, 493, 'HTC_HDmini_5.jpg', 1, 1),
(25, 493, 'HTC_HDmini_5.jpg', 1, 1),
(26, 493, 'HTC_HDmini_5.jpg', 1, 1),
(27, 493, 'HTC_HDmini_5.jpg', 1, 1),
(28, 493, 'HTC_HDmini_5.jpg', 1, 1),
(30, 494, 'HTC_HDmini_5.jpg', 1, 1),
(31, 494, 'HTC_HDmini_5.jpg', 1, 1),
(32, 494, 'HTC_HDmini_5.jpg', 1, 1),
(33, 494, 'HTC_HDmini_5.jpg', 1, 1),
(34, 494, 'HTC_HDmini_5.jpg', 1, 1),
(35, 494, 'HTC_HDmini_5.jpg', 1, 1),
(36, 494, 'HTC_HDmini_5.jpg', 1, 1),
(37, 494, 'HTC_HDmini_5.jpg', 1, 1),
(38, 494, 'HTC_HDmini_5.jpg', 1, 1),
(39, 494, 'HTC_HDmini_5.jpg', 1, 1),
(40, 494, 'HTC_HDmini_5.jpg', 1, 1),
(41, 494, 'HTC_HDmini_5.jpg', 1, 1),
(42, 494, 'HTC_HDmini_5.jpg', 1, 1),
(43, 494, 'HTC_HDmini_5.jpg', 1, 1),
(44, 496, 'HTC_viva_3.jpg', 1, 1),
(45, 496, 'HTC_viva_3.jpg', 1, 1),
(46, 496, 'HTC_viva_3.jpg', 1, 1),
(47, 502, 'HTC_viva_2.jpg', 1, 1),
(48, 502, 'HTC_viva_2.jpg', 1, 1),
(49, 502, 'HTC_viva_2.jpg', 1, 1),
(50, 503, 'HTC_viva_2.jpg', 1, 1),
(51, 503, 'HTC_viva_2.jpg', 1, 1),
(52, 505, 'HTC_viva_2.jpg', 1, 1),
(53, 505, 'HTC_viva_2.jpg', 1, 1),
(54, 505, 'HTC_viva_2.jpg', 1, 1),
(55, 505, 'HTC_viva_2.jpg', 1, 1),
(56, 506, 'HTC_viva_2.jpg', 1, 1),
(57, 506, 'HTC_viva_2.jpg', 1, 1),
(58, 506, 'HTC_viva_2.jpg', 1, 1),
(59, 506, 'HTC_viva_2.jpg', 1, 1),
(60, 506, 'HTC_viva_2.jpg', 1, 1),
(61, 506, 'HTC_viva_2.jpg', 1, 1),
(62, 506, 'HTC_viva_2.jpg', 1, 1),
(63, 506, 'HTC_viva_2.jpg', 1, 1),
(64, 506, 'HTC_viva_2.jpg', 1, 1),
(65, 506, 'HTC_viva_2.jpg', 1, 1),
(66, 506, 'HTC_viva_2.jpg', 1, 1),
(67, 506, 'HTC_viva_2.jpg', 1, 1),
(68, 506, 'HTC_viva_2.jpg', 1, 1),
(69, 506, 'HTC_viva_2.jpg', 1, 1),
(70, 506, 'HTC_viva_2.jpg', 1, 1),
(71, 506, 'HTC_viva_2.jpg', 1, 1),
(72, 506, 'HTC_viva_2.jpg', 1, 1),
(73, 506, 'HTC_viva_2.jpg', 1, 1),
(74, 506, 'HTC_viva_2.jpg', 1, 1),
(75, 506, 'HTC_viva_2.jpg', 1, 1),
(76, 506, 'HTC_viva_2.jpg', 1, 1),
(77, 506, 'HTC_viva_2.jpg', 1, 1),
(78, 507, 'HTC_viva_2.jpg', 1, 1),
(79, 507, 'HTC_viva_2.jpg', 1, 1),
(80, 507, 'HTC_viva_2.jpg', 1, 1),
(81, 507, 'HTC_viva_2.jpg', 1, 1),
(82, 507, 'HTC_viva_2.jpg', 1, 1),
(83, 507, 'HTC_viva_2.jpg', 1, 1),
(84, 508, 'HTC_viva_2.jpg', 1, 1),
(85, 508, 'HTC_viva_2.jpg', 1, 1),
(86, 508, 'HTC_viva_2.jpg', 1, 1),
(87, 508, 'HTC_viva_2.jpg', 1, 1),
(88, 508, 'HTC_viva_2.jpg', 1, 1),
(89, 509, 'HTC_viva_2.jpg', 1, 1),
(90, 509, 'HTC_viva_2.jpg', 1, 1),
(91, 509, 'HTC_viva_2.jpg', 1, 1),
(92, 509, 'HTC_viva_2.jpg', 1, 1),
(93, 509, 'HTC_viva_2.jpg', 1, 1),
(94, 509, 'HTC_viva_2.jpg', 1, 1),
(95, 509, 'HTC_viva_2.jpg', 1, 1),
(96, 509, 'HTC_viva_2.jpg', 1, 1),
(97, 509, 'HTC_viva_2.jpg', 1, 1),
(98, 509, 'HTC_viva_2.jpg', 1, 1),
(99, 509, 'HTC_viva_2.jpg', 1, 1),
(100, 509, 'HTC_viva_2.jpg', 1, 1),
(101, 510, 'HTC_viva_2.jpg', 1, 1),
(102, 510, 'HTC_viva_2.jpg', 1, 1),
(103, 510, 'HTC_viva_2.jpg', 1, 1),
(104, 510, 'HTC_viva_2.jpg', 1, 1),
(105, 510, 'HTC_viva_2.jpg', 1, 1),
(106, 510, 'HTC_viva_2.jpg', 1, 1),
(107, 510, 'HTC_viva_2.jpg', 1, 1),
(108, 510, 'HTC_viva_2.jpg', 1, 1),
(109, 510, 'HTC_viva_2.jpg', 1, 1),
(110, 510, 'HTC_viva_2.jpg', 1, 1),
(111, 510, 'HTC_viva_2.jpg', 1, 1),
(112, 510, 'HTC_viva_2.jpg', 1, 1),
(113, 510, 'HTC_viva_2.jpg', 1, 1),
(114, 510, 'HTC_viva_2.jpg', 1, 1),
(115, 510, 'HTC_viva_2.jpg', 1, 1),
(116, 510, 'HTC_viva_2.jpg', 1, 1),
(117, 510, 'HTC_viva_2.jpg', 1, 1),
(118, 510, 'HTC_viva_2.jpg', 1, 1),
(119, 510, 'HTC_viva_2.jpg', 1, 1),
(120, 510, 'HTC_viva_2.jpg', 1, 1),
(121, 510, 'HTC_viva_2.jpg', 1, 1),
(122, 510, 'HTC_viva_2.jpg', 1, 1),
(123, 510, 'HTC_viva_2.jpg', 1, 1),
(124, 510, 'HTC_viva_2.jpg', 1, 1),
(125, 511, 'HTC_viva_2.jpg', 1, 1),
(126, 511, 'HTC_viva_2.jpg', 1, 1),
(127, 511, 'HTC_viva_2.jpg', 1, 1),
(128, 511, 'HTC_viva_2.jpg', 1, 1),
(129, 511, 'HTC_viva_2.jpg', 1, 1),
(130, 511, 'HTC_viva_2.jpg', 1, 1),
(131, 511, 'HTC_viva_2.jpg', 1, 1),
(132, 511, 'HTC_viva_2.jpg', 1, 1),
(133, 511, 'HTC_viva_2.jpg', 1, 1),
(134, 512, 'HTC_viva_2.jpg', 1, 1),
(135, 512, 'HTC_viva_2.jpg', 1, 1),
(136, 512, 'HTC_viva_2.jpg', 1, 1),
(137, 512, 'HTC_viva_2.jpg', 1, 1),
(138, 512, 'HTC_viva_2.jpg', 1, 1),
(139, 512, 'HTC_viva_2.jpg', 1, 1),
(140, 512, 'HTC_viva_2.jpg', 1, 1),
(141, 512, 'HTC_viva_2.jpg', 1, 1),
(142, 512, 'HTC_viva_2.jpg', 1, 1),
(143, 512, 'HTC_viva_2.jpg', 1, 1),
(144, 512, 'HTC_viva_2.jpg', 1, 1),
(145, 512, 'HTC_viva_2.jpg', 1, 1),
(146, 512, 'HTC_viva_2.jpg', 1, 1),
(147, 512, 'HTC_viva_2.jpg', 1, 1),
(148, 512, 'HTC_viva_2.jpg', 1, 1),
(149, 512, 'HTC_viva_2.jpg', 1, 1),
(150, 512, 'HTC_viva_2.jpg', 1, 1),
(151, 512, 'HTC_viva_2.jpg', 1, 1),
(152, 512, 'HTC_viva_2.jpg', 1, 1),
(153, 512, 'HTC_viva_2.jpg', 1, 1),
(154, 512, 'HTC_viva_2.jpg', 1, 1),
(155, 512, 'HTC_viva_2.jpg', 1, 1),
(156, 512, 'HTC_viva_2.jpg', 1, 1),
(157, 513, 'HTC_viva_4.jpg', 1, 1),
(158, 513, 'HTC_viva_4.jpg', 1, 1),
(159, 513, 'HTC_viva_4.jpg', 1, 1),
(160, 513, 'HTC_viva_4.jpg', 1, 1),
(161, 513, 'HTC_viva_4.jpg', 1, 1),
(162, 513, 'HTC_viva_4.jpg', 1, 1),
(163, 513, 'HTC_viva_4.jpg', 1, 1),
(164, 514, 'HTC_viva_4.jpg', 1, 1),
(165, 514, 'HTC_viva_4.jpg', 1, 1),
(166, 514, 'HTC_viva_4.jpg', 1, 1),
(167, 514, 'HTC_viva_4.jpg', 1, 1),
(168, 514, 'HTC_viva_4.jpg', 1, 1),
(169, 514, 'HTC_viva_4.jpg', 1, 1),
(170, 514, 'HTC_viva_4.jpg', 1, 1),
(171, 514, 'HTC_viva_4.jpg', 1, 1),
(172, 514, 'HTC_viva_4.jpg', 1, 1),
(173, 514, 'HTC_viva_4.jpg', 1, 1),
(174, 514, 'HTC_viva_4.jpg', 1, 1),
(175, 514, 'HTC_viva_4.jpg', 1, 1),
(176, 514, 'HTC_viva_4.jpg', 1, 1),
(177, 514, 'HTC_viva_4.jpg', 1, 1),
(178, 514, 'HTC_viva_4.jpg', 1, 1),
(179, 514, 'HTC_viva_4.jpg', 1, 1),
(180, 514, 'HTC_viva_4.jpg', 1, 1),
(181, 514, 'HTC_viva_4.jpg', 1, 1),
(182, 515, 'HTC_viva_4.jpg', 1, 1),
(183, 515, 'HTC_viva_4.jpg', 1, 1),
(184, 515, 'HTC_viva_4.jpg', 1, 1),
(185, 515, 'HTC_viva_4.jpg', 1, 1),
(186, 515, 'HTC_viva_4.jpg', 1, 1),
(187, 515, 'HTC_viva_4.jpg', 1, 1),
(188, 516, 'HTC_viva_4.jpg', 1, 1),
(189, 516, 'HTC_viva_4.jpg', 1, 1),
(190, 516, 'HTC_viva_4.jpg', 1, 1),
(191, 516, 'HTC_viva_4.jpg', 1, 1),
(192, 516, 'HTC_viva_4.jpg', 1, 1),
(193, 516, 'HTC_viva_4.jpg', 1, 1),
(194, 516, 'HTC_viva_4.jpg', 1, 1),
(195, 516, 'HTC_viva_4.jpg', 1, 1),
(196, 516, 'HTC_viva_4.jpg', 1, 1),
(197, 517, 'HTC_viva_4.jpg', 1, 1),
(198, 517, 'HTC_viva_4.jpg', 1, 1),
(199, 517, 'HTC_viva_4.jpg', 1, 1),
(200, 517, 'HTC_viva_4.jpg', 1, 1),
(201, 517, 'HTC_viva_4.jpg', 1, 1),
(202, 517, 'HTC_viva_4.jpg', 1, 1),
(203, 518, 'HTC_viva_4.jpg', 1, 1),
(204, 518, 'HTC_viva_4.jpg', 1, 1),
(205, 518, 'HTC_viva_4.jpg', 1, 1),
(206, 519, 'HTC_viva_4.jpg', 1, 1),
(207, 519, 'HTC_viva_4.jpg', 1, 1),
(208, 519, 'HTC_viva_4.jpg', 1, 1),
(209, 519, 'HTC_viva_4.jpg', 1, 1),
(210, 519, 'HTC_viva_4.jpg', 1, 1),
(211, 519, 'HTC_viva_4.jpg', 1, 1),
(212, 520, '../upload/sanpham/hinhphu/Samsung_E2550_1.jpg', 1, 1),
(213, 520, '../upload/sanpham/hinhphu/Samsung_E2550_2.jpg', 1, 1),
(214, 520, '../upload/sanpham/hinhphu/Samsung_E2550_3.jpg', 1, 1),
(215, 520, '../upload/sanpham/hinhphu/Samsung_E2550_4.jpg', 1, 1),
(216, 520, '../upload/sanpham/hinhphu/Samsung_E2550_5.jpg', 1, 1),
(217, 520, '../upload/sanpham/hinhphu/Samsung_E2550_6.jpg', 1, 1),
(218, 520, '../upload/sanpham/hinhphu/Samsung_E2550_7.jpg', 1, 1),
(219, 520, '../upload/sanpham/hinhphu/Samsung_E2550_b.jpg', 1, 1),
(220, 521, '../upload/sanpham/hinhphu/Samsung_C3053_1.jpg', 1, 1),
(221, 521, '../upload/sanpham/hinhphu/Samsung_C3053_2.jpg', 1, 1),
(222, 521, '../upload/sanpham/hinhphu/Samsung_C3053_3.jpg', 1, 1),
(223, 521, '../upload/sanpham/hinhphu/Samsung_C3053_4.jpg', 1, 1),
(224, 522, 'HTC_legend_1.jpg', 1, 1),
(225, 522, 'HTC_legend_1.jpg', 1, 1),
(226, 522, 'HTC_legend_1.jpg', 1, 1),
(227, 522, 'HTC_legend_1.jpg', 1, 1),
(228, 522, 'HTC_legend_1.jpg', 1, 1),
(229, 522, 'HTC_legend_1.jpg', 1, 1),
(230, 522, 'HTC_legend_1.jpg', 1, 1),
(231, 522, 'HTC_legend_1.jpg', 1, 1),
(232, 522, 'HTC_legend_1.jpg', 1, 1),
(233, 522, 'HTC_legend_1.jpg', 1, 1),
(234, 523, 'HTC_legend_1.jpg', 1, 1),
(235, 523, 'HTC_legend_1.jpg', 1, 1),
(236, 523, 'HTC_legend_1.jpg', 1, 1),
(237, 523, 'HTC_legend_1.jpg', 1, 1),
(238, 523, 'HTC_legend_1.jpg', 1, 1),
(239, 523, 'HTC_legend_1.jpg', 1, 1),
(240, 523, 'HTC_legend_1.jpg', 1, 1),
(241, 524, 'HTC_legend_1.jpg', 1, 1),
(242, 524, 'HTC_legend_1.jpg', 1, 1),
(243, 524, 'HTC_legend_1.jpg', 1, 1),
(244, 524, 'HTC_legend_1.jpg', 1, 1),
(245, 524, 'HTC_legend_1.jpg', 1, 1),
(246, 524, 'HTC_legend_1.jpg', 1, 1),
(247, 524, 'HTC_legend_1.jpg', 1, 1),
(248, 524, 'HTC_legend_1.jpg', 1, 1),
(249, 525, 'HTC_legend_1.jpg', 1, 1),
(250, 525, 'HTC_legend_1.jpg', 1, 1),
(251, 525, 'HTC_legend_1.jpg', 1, 1),
(252, 525, 'HTC_legend_1.jpg', 1, 1),
(253, 525, 'HTC_legend_1.jpg', 1, 1),
(254, 525, 'HTC_legend_1.jpg', 1, 1),
(255, 525, 'HTC_legend_1.jpg', 1, 1),
(256, 526, 'HTC_legend_1.jpg', 1, 1),
(257, 526, 'HTC_legend_1.jpg', 1, 1),
(258, 526, 'HTC_legend_1.jpg', 1, 1),
(259, 526, 'HTC_legend_1.jpg', 1, 1),
(260, 526, 'HTC_legend_1.jpg', 1, 1),
(261, 526, 'HTC_legend_1.jpg', 1, 1),
(262, 526, 'HTC_legend_1.jpg', 1, 1),
(263, 526, 'HTC_legend_1.jpg', 1, 1),
(264, 526, 'HTC_legend_1.jpg', 1, 1),
(265, 527, 'HTC_legend_2.jpg', 1, 1),
(266, 527, 'HTC_legend_2.jpg', 1, 1),
(267, 527, 'HTC_legend_2.jpg', 1, 1),
(268, 527, 'HTC_legend_2.jpg', 1, 1),
(269, 527, 'HTC_legend_2.jpg', 1, 1),
(270, 527, 'HTC_legend_2.jpg', 1, 1),
(271, 527, 'HTC_legend_2.jpg', 1, 1),
(272, 527, 'HTC_legend_2.jpg', 1, 1),
(273, 528, 'HTC_legend_2.jpg', 1, 1),
(274, 528, 'HTC_legend_2.jpg', 1, 1),
(275, 528, 'HTC_legend_2.jpg', 1, 1),
(276, 528, 'HTC_legend_2.jpg', 1, 1),
(277, 528, 'HTC_legend_2.jpg', 1, 1),
(278, 528, 'HTC_legend_2.jpg', 1, 1),
(279, 528, 'HTC_legend_2.jpg', 1, 1),
(280, 528, 'HTC_legend_2.jpg', 1, 1),
(281, 528, 'HTC_legend_2.jpg', 1, 1),
(282, 528, 'HTC_legend_2.jpg', 1, 1),
(283, 528, 'HTC_legend_2.jpg', 1, 1),
(284, 528, 'HTC_legend_2.jpg', 1, 1),
(285, 529, '../upload/sanpham/hinhphu/HTCTouch_2.jpg', 1, 1),
(286, 529, '../upload/sanpham/hinhphu/HTCTouch_3.jpg', 1, 1),
(287, 529, '../upload/sanpham/hinhphu/HTCTouch_4.jpg', 1, 1),
(291, 530, 'HTC_legend_3.jpg', 1, 1),
(297, 530, 'HTC_legend_3.jpg', 1, 1),
(292, 530, 'HTC_legend_3.jpg', 1, 1),
(293, 530, 'HTC_legend_3.jpg', 1, 1),
(294, 530, 'HTC_legend_3.jpg', 1, 1),
(295, 530, 'HTC_legend_3.jpg', 1, 1),
(296, 530, 'HTC_legend_3.jpg', 1, 1),
(298, 530, 'HTC_legend_3.jpg', 1, 1),
(299, 530, 'HTC_legend_3.jpg', 1, 1),
(300, 530, 'HTC_legend_3.jpg', 1, 1),
(301, 530, 'HTC_legend_3.jpg', 1, 1),
(302, 530, 'HTC_legend_3.jpg', 1, 1),
(303, 531, 'HTC_legend_3.jpg', 1, 1),
(304, 531, 'HTC_legend_3.jpg', 1, 1),
(305, 531, 'HTC_legend_3.jpg', 1, 1),
(306, 531, 'HTC_legend_3.jpg', 1, 1),
(307, 531, 'HTC_legend_3.jpg', 1, 1),
(308, 531, 'HTC_legend_3.jpg', 1, 1),
(309, 531, 'HTC_legend_3.jpg', 1, 1),
(310, 531, 'HTC_legend_3.jpg', 1, 1),
(311, 531, 'HTC_legend_3.jpg', 1, 1),
(312, 531, 'HTC_legend_3.jpg', 1, 1),
(313, 531, 'HTC_legend_3.jpg', 1, 1),
(314, 531, 'HTC_legend_3.jpg', 1, 1),
(315, 532, 'HTC_legend_3.jpg', 1, 1),
(316, 532, 'HTC_legend_3.jpg', 1, 1),
(317, 532, 'HTC_legend_3.jpg', 1, 1),
(318, 532, 'HTC_legend_3.jpg', 1, 1),
(319, 532, 'HTC_legend_3.jpg', 1, 1),
(320, 532, 'HTC_legend_3.jpg', 1, 1),
(321, 532, 'HTC_legend_3.jpg', 1, 1),
(322, 532, 'HTC_legend_3.jpg', 1, 1),
(323, 533, 'HTC_legend_3.jpg', 1, 1),
(324, 533, 'HTC_legend_3.jpg', 1, 1),
(325, 533, 'HTC_legend_3.jpg', 1, 1),
(326, 533, 'HTC_legend_3.jpg', 1, 1),
(327, 533, 'HTC_legend_3.jpg', 1, 1),
(328, 533, 'HTC_legend_3.jpg', 1, 1),
(329, 533, 'HTC_legend_3.jpg', 1, 1),
(330, 533, 'HTC_legend_3.jpg', 1, 1),
(331, 533, 'HTC_legend_3.jpg', 1, 1),
(332, 533, 'HTC_legend_3.jpg', 1, 1),
(333, 533, 'HTC_legend_3.jpg', 1, 1),
(334, 534, 'HTC_legend_3.jpg', 1, 1),
(335, 534, 'HTC_legend_3.jpg', 1, 1),
(336, 534, 'HTC_legend_3.jpg', 1, 1),
(341, 537, 'HTC_legend_4.jpg', 1, 1),
(340, 537, 'HTC_legend_4.jpg', 1, 1),
(342, 537, 'HTC_legend_4.jpg', 1, 1),
(343, 537, 'HTC_legend_4.jpg', 1, 1),
(344, 537, 'HTC_legend_4.jpg', 1, 1),
(346, 536, 'HTC_legend_4.jpg', 1, 1),
(347, 536, 'HTC_legend_4.jpg', 1, 1),
(348, 536, 'HTC_legend_4.jpg', 1, 1),
(349, 536, 'HTC_legend_4.jpg', 1, 1),
(350, 536, 'HTC_legend_4.jpg', 1, 1),
(351, 536, 'HTC_legend_4.jpg', 1, 1),
(352, 536, 'HTC_legend_4.jpg', 1, 1),
(353, 538, 'HTC_legend_4.jpg', 1, 1),
(354, 538, 'HTC_legend_4.jpg', 1, 1),
(355, 538, 'HTC_legend_4.jpg', 1, 1),
(356, 538, 'HTC_legend_4.jpg', 1, 1),
(360, 539, 'HTC_legend_4.jpg', 1, 1),
(359, 539, 'HTC_legend_4.jpg', 1, 1),
(361, 539, 'HTC_legend_4.jpg', 1, 1),
(362, 539, 'HTC_legend_4.jpg', 1, 1),
(363, 539, 'HTC_legend_4.jpg', 1, 1),
(364, 540, '../upload/sanpham/hinhphu/GD880_2.jpg', 1, 1),
(365, 540, '../upload/sanpham/hinhphu/GD880_3.jpg', 1, 1),
(366, 540, '../upload/sanpham/hinhphu/GD880_4.jpg', 1, 1),
(367, 540, '../upload/sanpham/hinhphu/GD880_5.jpg', 1, 1),
(368, 540, '../upload/sanpham/hinhphu/GD880_6.jpg', 1, 1),
(369, 540, '../upload/sanpham/hinhphu/GD880_7.jpg', 1, 1),
(370, 540, '../upload/sanpham/hinhphu/GD880_8.jpg', 1, 1),
(371, 540, '../upload/sanpham/hinhphu/GD880_9.jpg', 1, 1),
(372, 540, '../upload/sanpham/hinhphu/GD880_10.jpg', 1, 1),
(373, 540, '../upload/sanpham/hinhphu/GD880_11.jpg', 1, 1),
(374, 540, '../upload/sanpham/hinhphu/GD880_12.jpg', 1, 1),
(375, 540, '../upload/sanpham/hinhphu/GD880_13.jpg', 1, 1),
(376, 540, '../upload/sanpham/hinhphu/GD880_14.jpg', 1, 1),
(377, 540, '../upload/sanpham/hinhphu/GD880_15.jpg', 1, 1),
(378, 540, '../upload/sanpham/hinhphu/GD880_16.jpg', 1, 1),
(379, 540, '../upload/sanpham/hinhphu/GD880_17.jpg', 1, 1),
(383, 542, 'HTC_legend_b.jpg', 1, 1),
(382, 542, 'HTC_legend_b.jpg', 1, 1),
(384, 542, 'HTC_legend_b.jpg', 1, 1),
(385, 542, 'HTC_legend_b.jpg', 1, 1),
(386, 542, 'HTC_legend_b.jpg', 1, 1),
(387, 542, 'HTC_legend_b.jpg', 1, 1),
(388, 542, 'HTC_legend_b.jpg', 1, 1),
(392, 541, '../upload/sanpham/hinhphu/X10_2.jpg', 1, 1),
(391, 541, '../upload/sanpham/hinhphu/X10_1.jpg', 1, 1),
(393, 541, '../upload/sanpham/hinhphu/X10_3.jpg', 1, 1),
(394, 541, '../upload/sanpham/hinhphu/X10_4.jpg', 1, 1),
(395, 541, '../upload/sanpham/hinhphu/X10_5.jpg', 1, 1),
(396, 541, '../upload/sanpham/hinhphu/X10_6.jpg', 1, 1),
(397, 541, '../upload/sanpham/hinhphu/X10_7.jpg', 1, 1),
(398, 541, '../upload/sanpham/hinhphu/X10_8.jpg', 1, 1),
(399, 541, '../upload/sanpham/hinhphu/X10_9.jpg', 1, 1),
(400, 541, '../upload/sanpham/hinhphu/X10_10.jpg', 1, 1),
(401, 541, '../upload/sanpham/hinhphu/X10_12.jpg', 1, 1),
(402, 541, '../upload/sanpham/hinhphu/X10_white_1.jpg', 1, 1),
(403, 541, '../upload/sanpham/hinhphu/X10_white_2.jpg', 1, 1),
(404, 541, '../upload/sanpham/hinhphu/X10_white_3.jpg', 1, 1),
(405, 541, '../upload/sanpham/hinhphu/X10_white_4.jpg', 1, 1),
(406, 541, '../upload/sanpham/hinhphu/X10_white_5.jpg', 1, 1),
(407, 541, '../upload/sanpham/hinhphu/X10_white_6.jpg', 1, 1),
(408, 541, '../upload/sanpham/hinhphu/X10_white_7.jpg', 1, 1),
(409, 543, 'HTC_legend_b.jpg', 1, 1),
(410, 543, 'HTC_legend_b.jpg', 1, 1),
(411, 543, 'HTC_legend_b.jpg', 1, 1),
(412, 544, 'HTC_legend_b.jpg', 1, 1),
(413, 544, 'HTC_legend_b.jpg', 1, 1),
(414, 544, 'HTC_legend_b.jpg', 1, 1),
(415, 544, 'HTC_legend_b.jpg', 1, 1),
(416, 544, 'HTC_legend_b.jpg', 1, 1),
(417, 544, 'HTC_legend_b.jpg', 1, 1),
(418, 545, 'HTC_legend_b.jpg', 1, 1),
(419, 545, 'HTC_legend_b.jpg', 1, 1),
(420, 545, 'HTC_legend_b.jpg', 1, 1),
(421, 545, 'HTC_legend_b.jpg', 1, 1),
(422, 545, 'HTC_legend_b.jpg', 1, 1),
(423, 545, 'HTC_legend_b.jpg', 1, 1),
(424, 545, 'HTC_legend_b.jpg', 1, 1),
(425, 545, 'HTC_legend_b.jpg', 1, 1),
(426, 545, 'HTC_legend_b.jpg', 1, 1),
(427, 545, 'HTC_legend_b.jpg', 1, 1),
(428, 545, 'HTC_legend_b.jpg', 1, 1),
(430, 546, 'HTC_legend_b.jpg', 1, 1),
(431, 546, 'HTC_legend_b.jpg', 1, 1),
(432, 546, 'HTC_legend_b.jpg', 1, 1),
(433, 546, 'HTC_legend_b.jpg', 1, 1),
(434, 546, 'HTC_legend_b.jpg', 1, 1),
(435, 546, 'HTC_legend_b.jpg', 1, 1),
(436, 546, 'HTC_legend_b.jpg', 1, 1),
(437, 546, 'HTC_legend_b.jpg', 1, 1),
(438, 546, 'HTC_legend_b.jpg', 1, 1),
(439, 547, 'HTC_legend_b.jpg', 1, 1),
(440, 547, 'HTC_legend_b.jpg', 1, 1),
(446, 548, 'HTC_legend_b.jpg', 1, 1),
(445, 548, 'HTC_legend_b.jpg', 1, 1),
(447, 548, 'HTC_legend_b.jpg', 1, 1),
(448, 549, 'LG-GW620_2.jpg', 1, 1),
(449, 549, 'LG-GW620_2.jpg', 1, 1),
(450, 549, 'LG-GW620_2.jpg', 1, 1),
(451, 549, 'LG-GW620_2.jpg', 1, 1),
(452, 549, 'LG-GW620_2.jpg', 1, 1),
(453, 549, 'LG-GW620_2.jpg', 1, 1),
(454, 550, 'LG-GW620_2.jpg', 1, 1),
(455, 550, 'LG-GW620_2.jpg', 1, 1),
(456, 550, 'LG-GW620_2.jpg', 1, 1),
(457, 550, 'LG-GW620_2.jpg', 1, 1),
(458, 550, 'LG-GW620_2.jpg', 1, 1),
(459, 550, 'LG-GW620_2.jpg', 1, 1),
(460, 550, 'LG-GW620_2.jpg', 1, 1),
(461, 550, 'LG-GW620_2.jpg', 1, 1),
(462, 550, 'LG-GW620_2.jpg', 1, 1),
(463, 550, 'LG-GW620_2.jpg', 1, 1),
(467, 551, 'LG-GW620_2.jpg', 1, 1),
(466, 551, 'LG-GW620_2.jpg', 1, 1),
(468, 551, 'LG-GW620_2.jpg', 1, 1),
(469, 552, 'LG-GW620_2.jpg', 1, 1),
(470, 552, 'LG-GW620_2.jpg', 1, 1),
(471, 552, 'LG-GW620_2.jpg', 1, 1),
(472, 552, 'LG-GW620_2.jpg', 1, 1),
(473, 552, 'LG-GW620_2.jpg', 1, 1),
(474, 552, 'LG-GW620_2.jpg', 1, 1),
(475, 552, 'LG-GW620_2.jpg', 1, 1),
(479, 554, 'LG-GW620_2.jpg', 1, 1),
(478, 554, 'LG-GW620_2.jpg', 1, 1),
(480, 554, 'LG-GW620_2.jpg', 1, 1),
(481, 554, 'LG-GW620_2.jpg', 1, 1),
(482, 554, 'LG-GW620_2.jpg', 1, 1),
(483, 554, 'LG-GW620_2.jpg', 1, 1),
(484, 553, 'LG-GW620_2.jpg', 1, 1),
(485, 553, 'LG-GW620_2.jpg', 1, 1),
(486, 553, 'LG-GW620_2.jpg', 1, 1),
(487, 553, 'LG-GW620_2.jpg', 1, 1),
(488, 553, 'LG-GW620_2.jpg', 1, 1),
(489, 553, 'LG-GW620_2.jpg', 1, 1),
(490, 553, 'LG-GW620_2.jpg', 1, 1),
(491, 553, 'LG-GW620_2.jpg', 1, 1),
(492, 553, 'LG-GW620_2.jpg', 1, 1),
(493, 553, 'LG-GW620_2.jpg', 1, 1),
(494, 553, 'LG-GW620_2.jpg', 1, 1),
(495, 553, 'LG-GW620_2.jpg', 1, 1),
(496, 556, 'LG-GW620_3.jpg', 1, 1),
(497, 556, 'LG-GW620_3.jpg', 1, 1),
(498, 556, 'LG-GW620_3.jpg', 1, 1),
(499, 556, 'LG-GW620_3.jpg', 1, 1),
(500, 556, 'LG-GW620_3.jpg', 1, 1),
(502, 555, 'LG-GW620_3.jpg', 1, 1),
(503, 555, 'LG-GW620_3.jpg', 1, 1),
(504, 555, 'LG-GW620_3.jpg', 1, 1),
(505, 555, 'LG-GW620_3.jpg', 1, 1),
(506, 555, 'LG-GW620_3.jpg', 1, 1),
(507, 555, 'LG-GW620_3.jpg', 1, 1),
(508, 555, 'LG-GW620_3.jpg', 1, 1),
(509, 555, 'LG-GW620_3.jpg', 1, 1),
(510, 555, 'LG-GW620_3.jpg', 1, 1),
(511, 555, 'LG-GW620_3.jpg', 1, 1),
(512, 555, 'LG-GW620_3.jpg', 1, 1),
(513, 557, 'LG-GW620_3.jpg', 1, 1),
(514, 557, 'LG-GW620_3.jpg', 1, 1),
(515, 557, 'LG-GW620_3.jpg', 1, 1),
(516, 557, 'LG-GW620_3.jpg', 1, 1),
(517, 557, 'LG-GW620_3.jpg', 1, 1),
(518, 557, 'LG-GW620_3.jpg', 1, 1),
(519, 557, 'LG-GW620_3.jpg', 1, 1),
(527, 559, './upload/sanpham/hinhphu/HTC_legend_2.jpg', 1, 1),
(522, 558, './upload/sanpham/hinhphu/HTC_legend_1.jpg', 1, 1),
(523, 558, './upload/sanpham/hinhphu/HTC_legend_1.jpg', 1, 1),
(524, 558, './upload/sanpham/hinhphu/HTC_legend_1.jpg', 1, 1),
(525, 558, './upload/sanpham/hinhphu/HTC_legend_1.jpg', 1, 1),
(526, 558, './upload/sanpham/hinhphu/HTC_legend_1.jpg', 1, 1),
(528, 559, './upload/sanpham/hinhphu/HTC_legend_2.jpg', 1, 1),
(530, 560, './upload/sanpham/hinhphu/HTC_legend_3.jpg', 1, 1),
(531, 560, './upload/sanpham/hinhphu/HTC_legend_3.jpg', 1, 1),
(532, 560, './upload/sanpham/hinhphu/HTC_legend_3.jpg', 1, 1),
(533, 560, './upload/sanpham/hinhphu/HTC_legend_3.jpg', 1, 1),
(534, 560, './upload/sanpham/hinhphu/HTC_legend_3.jpg', 1, 1),
(535, 560, './upload/sanpham/hinhphu/HTC_legend_3.jpg', 1, 1),
(536, 561, './upload/sanpham/hinhphu/HTC_legend_4.jpg', 1, 1),
(537, 561, './upload/sanpham/hinhphu/HTC_legend_4.jpg', 1, 1),
(538, 561, './upload/sanpham/hinhphu/HTC_legend_4.jpg', 1, 1),
(539, 561, './upload/sanpham/hinhphu/HTC_legend_4.jpg', 1, 1),
(543, 562, './upload/sanpham/hinhphu/HTC_legend_b.jpg', 1, 1),
(542, 562, './upload/sanpham/hinhphu/HTC_legend_b.jpg', 1, 1),
(544, 562, './upload/sanpham/hinhphu/HTC_legend_b.jpg', 1, 1),
(545, 562, './upload/sanpham/hinhphu/HTC_legend_b.jpg', 1, 1),
(546, 562, './upload/sanpham/hinhphu/HTC_legend_b.jpg', 1, 1),
(547, 562, './upload/sanpham/hinhphu/HTC_legend_b.jpg', 1, 1),
(548, 562, './upload/sanpham/hinhphu/HTC_legend_b.jpg', 1, 1),
(549, 563, 'LG_T300_1.jpg', 1, 1),
(550, 563, 'LG_T300_1.jpg', 1, 1),
(551, 563, 'LG_T300_1.jpg', 1, 1),
(552, 563, 'LG_T300_1.jpg', 1, 1),
(553, 563, 'LG_T300_1.jpg', 1, 1),
(554, 563, 'LG_T300_1.jpg', 1, 1),
(555, 564, 'LG_T300_1.jpg', 1, 1),
(556, 564, 'LG_T300_1.jpg', 1, 1),
(557, 564, 'LG_T300_1.jpg', 1, 1),
(558, 565, '../upload/sanpham/hinhphu/HTC_legend_1.jpg', 1, 1),
(559, 565, '../upload/sanpham/hinhphu/HTC_legend_2.jpg', 1, 1),
(560, 565, '../upload/sanpham/hinhphu/HTC_legend_3.jpg', 1, 1),
(561, 565, '../upload/sanpham/hinhphu/HTC_legend_4.jpg', 1, 1),
(562, 565, '../upload/sanpham/hinhphu/HTC_legend_b.jpg', 1, 1),
(563, 566, 'LG_T300_2.jpg', 1, 1),
(564, 566, 'LG_T300_2.jpg', 1, 1),
(566, 567, 'LG_T300_2.jpg', 1, 1),
(567, 567, 'LG_T300_2.jpg', 1, 1),
(568, 567, 'LG_T300_2.jpg', 1, 1),
(569, 568, 'LG_T300_2.jpg', 1, 1),
(570, 568, 'LG_T300_2.jpg', 1, 1),
(571, 568, 'LG_T300_2.jpg', 1, 1),
(572, 568, 'LG_T300_2.jpg', 1, 1),
(573, 568, 'LG_T300_2.jpg', 1, 1),
(574, 568, 'LG_T300_2.jpg', 1, 1),
(575, 569, 'LG_T300_3.jpg', 1, 1),
(576, 569, 'LG_T300_3.jpg', 1, 1),
(577, 569, 'LG_T300_3.jpg', 1, 1),
(578, 569, 'LG_T300_3.jpg', 1, 1),
(579, 569, 'LG_T300_3.jpg', 1, 1),
(580, 569, 'LG_T300_3.jpg', 1, 1),
(581, 570, 'LG_T300_3.jpg', 1, 1),
(582, 570, 'LG_T300_3.jpg', 1, 1),
(583, 570, 'LG_T300_3.jpg', 1, 1),
(584, 570, 'LG_T300_3.jpg', 1, 1),
(585, 570, 'LG_T300_3.jpg', 1, 1),
(586, 570, 'LG_T300_3.jpg', 1, 1),
(587, 570, 'LG_T300_3.jpg', 1, 1),
(588, 572, 'LG_T300_3.jpg', 1, 1),
(589, 572, 'LG_T300_3.jpg', 1, 1),
(590, 572, 'LG_T300_3.jpg', 1, 1),
(591, 572, 'LG_T300_3.jpg', 1, 1),
(592, 572, 'LG_T300_3.jpg', 1, 1),
(593, 572, 'LG_T300_3.jpg', 1, 1),
(594, 572, 'LG_T300_3.jpg', 1, 1),
(595, 572, 'LG_T300_3.jpg', 1, 1),
(596, 572, 'LG_T300_3.jpg', 1, 1),
(597, 572, 'LG_T300_3.jpg', 1, 1),
(598, 572, 'LG_T300_3.jpg', 1, 1),
(600, 571, 'LG_T300_3.jpg', 1, 1),
(601, 571, 'LG_T300_3.jpg', 1, 1),
(602, 571, 'LG_T300_3.jpg', 1, 1),
(603, 571, 'LG_T300_3.jpg', 1, 1),
(604, 571, 'LG_T300_3.jpg', 1, 1),
(605, 571, 'LG_T300_3.jpg', 1, 1),
(606, 571, 'LG_T300_3.jpg', 1, 1),
(607, 571, 'LG_T300_3.jpg', 1, 1),
(608, 571, 'LG_T300_3.jpg', 1, 1),
(609, 571, 'LG_T300_3.jpg', 1, 1),
(610, 571, 'LG_T300_3.jpg', 1, 1),
(611, 571, 'LG_T300_3.jpg', 1, 1),
(612, 571, 'LG_T300_3.jpg', 1, 1),
(613, 571, 'LG_T300_3.jpg', 1, 1),
(614, 571, 'LG_T300_3.jpg', 1, 1),
(615, 571, 'LG_T300_3.jpg', 1, 1),
(616, 571, 'LG_T300_3.jpg', 1, 1),
(617, 571, 'LG_T300_3.jpg', 1, 1),
(618, 573, 'LG_T300_3.jpg', 1, 1),
(619, 573, 'LG_T300_3.jpg', 1, 1),
(620, 573, 'LG_T300_3.jpg', 1, 1),
(621, 573, 'LG_T300_3.jpg', 1, 1),
(622, 573, 'LG_T300_3.jpg', 1, 1),
(623, 573, 'LG_T300_3.jpg', 1, 1),
(624, 573, 'LG_T300_3.jpg', 1, 1),
(625, 573, 'LG_T300_3.jpg', 1, 1),
(626, 573, 'LG_T300_3.jpg', 1, 1),
(627, 573, 'LG_T300_3.jpg', 1, 1),
(628, 573, 'LG_T300_3.jpg', 1, 1),
(629, 573, 'LG_T300_3.jpg', 1, 1),
(630, 573, 'LG_T300_3.jpg', 1, 1),
(631, 573, 'LG_T300_3.jpg', 1, 1),
(632, 573, 'LG_T300_3.jpg', 1, 1),
(633, 573, 'LG_T300_3.jpg', 1, 1),
(634, 573, 'LG_T300_3.jpg', 1, 1),
(635, 573, 'LG_T300_3.jpg', 1, 1),
(636, 573, 'LG_T300_3.jpg', 1, 1),
(637, 573, 'LG_T300_3.jpg', 1, 1),
(638, 573, 'LG_T300_3.jpg', 1, 1),
(639, 573, 'LG_T300_3.jpg', 1, 1),
(640, 573, 'LG_T300_3.jpg', 1, 1),
(641, 573, 'LG_T300_3.jpg', 1, 1),
(642, 573, 'LG_T300_3.jpg', 1, 1),
(643, 573, 'LG_T300_3.jpg', 1, 1),
(644, 575, 'samsung_wave575_1_1.jpg', 1, 1),
(645, 575, 'samsung_wave575_1_1.jpg', 1, 1),
(646, 575, 'samsung_wave575_1_1.jpg', 1, 1),
(647, 574, 'LG_T300_3.jpg', 1, 1),
(648, 574, 'LG_T300_3.jpg', 1, 1),
(649, 574, 'LG_T300_3.jpg', 1, 1),
(650, 576, 'samsung_wave575_1_1.jpg', 1, 1),
(651, 576, 'samsung_wave575_1_1.jpg', 1, 1),
(652, 576, 'samsung_wave575_1_1.jpg', 1, 1),
(653, 577, 'samsung_wave575_1_1.jpg', 1, 1),
(654, 577, 'samsung_wave575_1_1.jpg', 1, 1),
(655, 577, 'samsung_wave575_1_1.jpg', 1, 1),
(656, 577, 'samsung_wave575_1_1.jpg', 1, 1),
(657, 577, 'samsung_wave575_1_1.jpg', 1, 1),
(658, 577, 'samsung_wave575_1_1.jpg', 1, 1),
(659, 578, 'samsung_wave575_1_1.jpg', 1, 1),
(660, 578, 'samsung_wave575_1_1.jpg', 1, 1),
(661, 578, 'samsung_wave575_1_1.jpg', 1, 1),
(662, 578, 'samsung_wave575_1_1.jpg', 1, 1),
(663, 578, 'samsung_wave575_1_1.jpg', 1, 1),
(664, 578, 'samsung_wave575_1_1.jpg', 1, 1),
(665, 578, 'samsung_wave575_1_1.jpg', 1, 1),
(666, 579, 'samsung_wave575_1_1.jpg', 1, 1),
(667, 579, 'samsung_wave575_1_1.jpg', 1, 1),
(668, 579, 'samsung_wave575_1_1.jpg', 1, 1),
(669, 579, 'samsung_wave575_1_1.jpg', 1, 1),
(670, 579, 'samsung_wave575_1_1.jpg', 1, 1),
(671, 579, 'samsung_wave575_1_1.jpg', 1, 1),
(672, 580, 'samsung_wave575_1_1.jpg', 1, 1),
(673, 580, 'samsung_wave575_1_1.jpg', 1, 1),
(674, 580, 'samsung_wave575_1_1.jpg', 1, 1),
(675, 581, 'samsung_wave575_2.jpg', 1, 1),
(676, 581, 'samsung_wave575_2.jpg', 1, 1),
(677, 581, 'samsung_wave575_2.jpg', 1, 1),
(678, 581, 'samsung_wave575_2.jpg', 1, 1),
(679, 581, 'samsung_wave575_2.jpg', 1, 1),
(680, 581, 'samsung_wave575_2.jpg', 1, 1),
(681, 581, 'samsung_wave575_2.jpg', 1, 1),
(682, 581, 'samsung_wave575_2.jpg', 1, 1),
(683, 581, 'samsung_wave575_2.jpg', 1, 1),
(684, 582, 'samsung_wave575_2.jpg', 1, 1),
(685, 582, 'samsung_wave575_2.jpg', 1, 1),
(686, 582, 'samsung_wave575_2.jpg', 1, 1),
(691, 583, 'samsung_wave575_2.jpg', 1, 1),
(690, 583, 'samsung_wave575_2.jpg', 1, 1),
(697, 584, 'samsung_wave575_2.jpg', 1, 1),
(696, 584, 'samsung_wave575_2.jpg', 1, 1),
(698, 584, 'samsung_wave575_2.jpg', 1, 1),
(699, 584, 'samsung_wave575_2.jpg', 1, 1),
(700, 584, 'samsung_wave575_2.jpg', 1, 1),
(701, 584, 'samsung_wave575_2.jpg', 1, 1),
(702, 584, 'samsung_wave575_2.jpg', 1, 1),
(703, 584, 'samsung_wave575_2.jpg', 1, 1),
(704, 584, 'samsung_wave575_2.jpg', 1, 1),
(705, 584, 'samsung_wave575_2.jpg', 1, 1),
(706, 584, 'samsung_wave575_2.jpg', 1, 1),
(707, 584, 'samsung_wave575_2.jpg', 1, 1),
(708, 584, 'samsung_wave575_2.jpg', 1, 1),
(709, 584, 'samsung_wave575_2.jpg', 1, 1),
(710, 584, 'samsung_wave575_2.jpg', 1, 1),
(711, 584, 'samsung_wave575_2.jpg', 1, 1),
(712, 584, 'samsung_wave575_2.jpg', 1, 1),
(713, 584, 'samsung_wave575_2.jpg', 1, 1),
(714, 584, 'samsung_wave575_2.jpg', 1, 1),
(715, 584, 'samsung_wave575_2.jpg', 1, 1),
(716, 584, 'samsung_wave575_2.jpg', 1, 1),
(717, 584, 'samsung_wave575_2.jpg', 1, 1),
(718, 584, 'samsung_wave575_2.jpg', 1, 1),
(720, 585, 'samsung_wave575_2.jpg', 1, 1),
(721, 585, 'samsung_wave575_2.jpg', 1, 1),
(722, 585, 'samsung_wave575_2.jpg', 1, 1),
(723, 585, 'samsung_wave575_2.jpg', 1, 1),
(724, 585, 'samsung_wave575_2.jpg', 1, 1),
(725, 585, 'samsung_wave575_2.jpg', 1, 1),
(726, 585, 'samsung_wave575_2.jpg', 1, 1),
(730, 586, 'samsung_wave575_2.jpg', 1, 1),
(729, 586, 'samsung_wave575_2.jpg', 1, 1),
(731, 586, 'samsung_wave575_2.jpg', 1, 1),
(732, 586, 'samsung_wave575_2.jpg', 1, 1),
(735, 587, 'samsung_wave575_2.jpg', 1, 1),
(736, 587, 'samsung_wave575_2.jpg', 1, 1),
(737, 587, 'samsung_wave575_2.jpg', 1, 1),
(738, 587, 'samsung_wave575_2.jpg', 1, 1),
(739, 587, 'samsung_wave575_2.jpg', 1, 1),
(740, 587, 'samsung_wave575_2.jpg', 1, 1),
(741, 587, 'samsung_wave575_2.jpg', 1, 1),
(742, 588, 'samsung_wave575_4.jpg', 1, 1),
(743, 588, 'samsung_wave575_4.jpg', 1, 1),
(744, 588, 'samsung_wave575_4.jpg', 1, 1),
(745, 589, 'samsung_wave575_4.jpg', 1, 1),
(746, 589, 'samsung_wave575_4.jpg', 1, 1),
(747, 589, 'samsung_wave575_4.jpg', 1, 1),
(748, 589, 'samsung_wave575_4.jpg', 1, 1),
(752, 590, 'samsung_wave575_4.jpg', 1, 1),
(751, 590, 'samsung_wave575_4.jpg', 1, 1),
(754, 591, 'samsung_wave575_4.jpg', 1, 1),
(755, 591, 'samsung_wave575_4.jpg', 1, 1),
(756, 591, 'samsung_wave575_4.jpg', 1, 1),
(757, 591, 'samsung_wave575_4.jpg', 1, 1),
(758, 591, 'samsung_wave575_4.jpg', 1, 1),
(759, 591, 'samsung_wave575_4.jpg', 1, 1),
(760, 591, 'samsung_wave575_4.jpg', 1, 1),
(761, 591, 'samsung_wave575_4.jpg', 1, 1),
(762, 591, 'samsung_wave575_4.jpg', 1, 1),
(763, 591, 'samsung_wave575_4.jpg', 1, 1),
(764, 592, 'samsung_wave575_4.jpg', 1, 1),
(765, 592, 'samsung_wave575_4.jpg', 1, 1),
(766, 592, 'samsung_wave575_4.jpg', 1, 1),
(767, 592, 'samsung_wave575_4.jpg', 1, 1),
(768, 592, 'samsung_wave575_4.jpg', 1, 1),
(769, 592, 'samsung_wave575_4.jpg', 1, 1),
(770, 592, 'samsung_wave575_4.jpg', 1, 1),
(771, 593, 'samsung_wave575_4.jpg', 1, 1),
(772, 593, 'samsung_wave575_4.jpg', 1, 1),
(773, 593, 'samsung_wave575_4.jpg', 1, 1),
(774, 593, 'samsung_wave575_4.jpg', 1, 1),
(778, 594, 'samsung_wave575_4.jpg', 1, 1),
(777, 594, 'samsung_wave575_4.jpg', 1, 1),
(779, 594, 'samsung_wave575_4.jpg', 1, 1),
(780, 595, 'samsung_wave575_4.jpg', 1, 1),
(781, 595, 'samsung_wave575_4.jpg', 1, 1),
(782, 595, 'samsung_wave575_4.jpg', 1, 1),
(783, 595, 'samsung_wave575_4.jpg', 1, 1),
(787, 596, 'samsung_wave575_4.jpg', 1, 1),
(786, 596, 'samsung_wave575_4.jpg', 1, 1),
(788, 596, 'samsung_wave575_4.jpg', 1, 1),
(789, 596, 'samsung_wave575_4.jpg', 1, 1),
(790, 596, 'samsung_wave575_4.jpg', 1, 1),
(791, 596, 'samsung_wave575_4.jpg', 1, 1),
(792, 596, 'samsung_wave575_4.jpg', 1, 1),
(793, 596, 'samsung_wave575_4.jpg', 1, 1),
(794, 596, 'samsung_wave575_4.jpg', 1, 1),
(795, 596, 'samsung_wave575_4.jpg', 1, 1),
(796, 596, 'samsung_wave575_4.jpg', 1, 1),
(797, 596, 'samsung_wave575_4.jpg', 1, 1),
(798, 596, 'samsung_wave575_4.jpg', 1, 1),
(799, 596, 'samsung_wave575_4.jpg', 1, 1),
(800, 596, 'samsung_wave575_4.jpg', 1, 1),
(801, 596, 'samsung_wave575_4.jpg', 1, 1),
(802, 596, 'samsung_wave575_4.jpg', 1, 1),
(803, 596, 'samsung_wave575_4.jpg', 1, 1),
(804, 596, 'samsung_wave575_4.jpg', 1, 1),
(805, 597, 'samsung_wave575_4.jpg', 1, 1),
(806, 597, 'samsung_wave575_4.jpg', 1, 1),
(807, 597, 'samsung_wave575_4.jpg', 1, 1),
(808, 597, 'samsung_wave575_4.jpg', 1, 1),
(809, 597, 'samsung_wave575_4.jpg', 1, 1),
(811, 598, 'samsung_wave575_4.jpg', 1, 1),
(812, 598, 'samsung_wave575_4.jpg', 1, 1),
(813, 598, 'samsung_wave575_4.jpg', 1, 1),
(814, 598, 'samsung_wave575_4.jpg', 1, 1),
(815, 598, 'samsung_wave575_4.jpg', 1, 1),
(816, 598, 'samsung_wave575_4.jpg', 1, 1),
(817, 599, '../upload/sanpham/hinhphu/Samsung-C3510_2.jpg', 1, 1),
(818, 599, '../upload/sanpham/hinhphu/Samsung-C3510_3.jpg', 1, 1),
(819, 599, '../upload/sanpham/hinhphu/Samsung-C3510_4.jpg', 1, 1),
(824, 601, 'samsung_wave575_3.jpg', 1, 1),
(823, 601, 'samsung_wave575_3.jpg', 1, 1),
(825, 601, 'samsung_wave575_3.jpg', 1, 1),
(826, 601, 'samsung_wave575_3.jpg', 1, 1),
(827, 601, 'samsung_wave575_3.jpg', 1, 1),
(828, 601, 'samsung_wave575_3.jpg', 1, 1),
(829, 601, 'samsung_wave575_3.jpg', 1, 1),
(830, 601, 'samsung_wave575_3.jpg', 1, 1),
(832, 602, 'samsung_wave575_3.jpg', 1, 1),
(833, 602, 'samsung_wave575_3.jpg', 1, 1),
(834, 602, 'samsung_wave575_3.jpg', 1, 1),
(839, 600, 'samsung_wave575_3.jpg', 1, 1),
(838, 600, 'samsung_wave575_3.jpg', 1, 1),
(840, 600, 'samsung_wave575_3.jpg', 1, 1),
(841, 600, 'samsung_wave575_3.jpg', 1, 1),
(842, 600, 'samsung_wave575_3.jpg', 1, 1),
(843, 600, 'samsung_wave575_3.jpg', 1, 1),
(844, 600, 'samsung_wave575_3.jpg', 1, 1),
(845, 600, 'samsung_wave575_3.jpg', 1, 1),
(846, 600, 'samsung_wave575_3.jpg', 1, 1),
(847, 604, 'samsung_wave575_3.jpg', 1, 1),
(848, 604, 'samsung_wave575_3.jpg', 1, 1),
(849, 604, 'samsung_wave575_3.jpg', 1, 1),
(850, 604, 'samsung_wave575_3.jpg', 1, 1),
(851, 604, 'samsung_wave575_3.jpg', 1, 1),
(852, 604, 'samsung_wave575_3.jpg', 1, 1),
(853, 604, 'samsung_wave575_3.jpg', 1, 1),
(857, 605, 'samsung_wave575_3.jpg', 1, 1),
(856, 605, 'samsung_wave575_3.jpg', 1, 1),
(858, 605, 'samsung_wave575_3.jpg', 1, 1),
(859, 605, 'samsung_wave575_3.jpg', 1, 1),
(860, 605, 'samsung_wave575_3.jpg', 1, 1),
(862, 606, 'samsung_wave575_3.jpg', 1, 1),
(863, 606, 'samsung_wave575_3.jpg', 1, 1),
(864, 606, 'samsung_wave575_3.jpg', 1, 1),
(865, 606, 'samsung_wave575_3.jpg', 1, 1),
(866, 606, 'samsung_wave575_3.jpg', 1, 1),
(867, 606, 'samsung_wave575_3.jpg', 1, 1),
(868, 607, 'samsung_wave575_3.jpg', 1, 1),
(869, 608, 'samsung_wave575_3.jpg', 1, 1),
(870, 608, 'samsung_wave575_3.jpg', 1, 1),
(871, 608, 'samsung_wave575_3.jpg', 1, 1),
(876, 609, 'samsung_wave575_3.jpg', 1, 1),
(875, 609, 'samsung_wave575_3.jpg', 1, 1),
(877, 609, 'samsung_wave575_3.jpg', 1, 1),
(878, 609, 'samsung_wave575_3.jpg', 1, 1),
(879, 609, 'samsung_wave575_3.jpg', 1, 1),
(880, 609, 'samsung_wave575_3.jpg', 1, 1),
(881, 609, 'samsung_wave575_3.jpg', 1, 1),
(882, 609, 'samsung_wave575_3.jpg', 1, 1),
(883, 609, 'samsung_wave575_3.jpg', 1, 1),
(884, 609, 'samsung_wave575_3.jpg', 1, 1),
(885, 609, 'samsung_wave575_3.jpg', 1, 1),
(886, 609, 'samsung_wave575_3.jpg', 1, 1),
(887, 609, 'samsung_wave575_3.jpg', 1, 1),
(888, 609, 'samsung_wave575_3.jpg', 1, 1),
(889, 609, 'samsung_wave575_3.jpg', 1, 1),
(890, 609, 'samsung_wave575_3.jpg', 1, 1),
(891, 609, 'samsung_wave575_3.jpg', 1, 1),
(892, 609, 'samsung_wave575_3.jpg', 1, 1),
(893, 610, 'samsung_wave575_3.jpg', 1, 1),
(894, 610, 'samsung_wave575_3.jpg', 1, 1),
(895, 610, 'samsung_wave575_3.jpg', 1, 1),
(896, 611, 'samsung_wave575_3.jpg', 1, 1),
(897, 611, 'samsung_wave575_3.jpg', 1, 1),
(898, 611, 'samsung_wave575_3.jpg', 1, 1),
(903, 612, 'samsung_wave575_3.jpg', 1, 1),
(902, 612, 'samsung_wave575_3.jpg', 1, 1),
(904, 612, 'samsung_wave575_3.jpg', 1, 1),
(905, 612, 'samsung_wave575_3.jpg', 1, 1),
(906, 612, 'samsung_wave575_3.jpg', 1, 1),
(907, 613, 'samsung_wave575_3.jpg', 1, 1),
(908, 613, 'samsung_wave575_3.jpg', 1, 1),
(909, 613, 'samsung_wave575_3.jpg', 1, 1),
(910, 614, 'samsung_wave575_3.jpg', 1, 1),
(911, 615, 'samsung_wave575_3.jpg', 1, 1),
(912, 615, 'samsung_wave575_3.jpg', 1, 1),
(913, 615, 'samsung_wave575_3.jpg', 1, 1),
(914, 616, 'samsung_wave575_3.jpg', 1, 1),
(915, 616, 'samsung_wave575_3.jpg', 1, 1),
(917, 617, 'samsung_wave575_3.jpg', 1, 1),
(918, 617, 'samsung_wave575_3.jpg', 1, 1),
(919, 617, 'samsung_wave575_3.jpg', 1, 1),
(920, 617, 'samsung_wave575_3.jpg', 1, 1),
(924, 619, 'samsung_wave575_5.jpg', 1, 1),
(923, 619, 'samsung_wave575_5.jpg', 1, 1),
(925, 619, 'samsung_wave575_5.jpg', 1, 1),
(926, 620, 'samsung_wave575_5.jpg', 1, 1),
(927, 621, 'samsung_wave575_5.jpg', 1, 1),
(928, 621, 'samsung_wave575_5.jpg', 1, 1),
(929, 621, 'samsung_wave575_5.jpg', 1, 1),
(930, 621, 'samsung_wave575_5.jpg', 1, 1),
(934, 623, 'samsung_wave575_5.jpg', 1, 1),
(933, 623, 'samsung_wave575_5.jpg', 1, 1),
(935, 623, 'samsung_wave575_5.jpg', 1, 1),
(936, 623, 'samsung_wave575_5.jpg', 1, 1),
(940, 624, 'samsung_wave575_5.jpg', 1, 1),
(939, 624, 'samsung_wave575_5.jpg', 1, 1),
(941, 624, 'samsung_wave575_5.jpg', 1, 1),
(942, 625, 'samsung_wave575_5.jpg', 1, 1),
(943, 625, 'samsung_wave575_5.jpg', 1, 1),
(944, 625, 'samsung_wave575_5.jpg', 1, 1),
(945, 625, 'samsung_wave575_5.jpg', 1, 1),
(949, 626, 'samsung_wave575_5.jpg', 1, 1),
(948, 626, 'samsung_wave575_5.jpg', 1, 1),
(950, 626, 'samsung_wave575_5.jpg', 1, 1),
(951, 626, 'samsung_wave575_5.jpg', 1, 1),
(952, 626, 'samsung_wave575_5.jpg', 1, 1),
(954, 628, 'samsung_wave575_5.jpg', 1, 1),
(955, 628, 'samsung_wave575_5.jpg', 1, 1),
(956, 628, 'samsung_wave575_5.jpg', 1, 1),
(957, 627, 'samsung_wave575_5.jpg', 1, 1),
(958, 627, 'samsung_wave575_5.jpg', 1, 1),
(959, 627, 'samsung_wave575_5.jpg', 1, 1),
(960, 629, 'samsung_wave575_5.jpg', 1, 1),
(961, 629, 'samsung_wave575_5.jpg', 1, 1),
(962, 629, 'samsung_wave575_5.jpg', 1, 1),
(963, 629, 'samsung_wave575_5.jpg', 1, 1),
(964, 629, 'samsung_wave575_5.jpg', 1, 1),
(965, 629, 'samsung_wave575_5.jpg', 1, 1),
(966, 630, 'samsung_wave575_5.jpg', 1, 1),
(967, 631, 'samsung_wave575_5.jpg', 1, 1),
(968, 631, 'samsung_wave575_5.jpg', 1, 1),
(969, 631, 'samsung_wave575_5.jpg', 1, 1),
(970, 633, 'samsung_wave575_5.jpg', 1, 1),
(971, 633, 'samsung_wave575_5.jpg', 1, 1),
(972, 633, 'samsung_wave575_5.jpg', 1, 1),
(973, 633, 'samsung_wave575_5.jpg', 1, 1),
(977, 634, 'samsung_wave575_5.jpg', 1, 1),
(976, 634, 'samsung_wave575_5.jpg', 1, 1),
(978, 634, 'samsung_wave575_5.jpg', 1, 1),
(979, 634, 'samsung_wave575_5.jpg', 1, 1),
(983, 632, 'samsung_wave575_5.jpg', 1, 1),
(982, 632, 'samsung_wave575_5.jpg', 1, 1),
(984, 632, 'samsung_wave575_5.jpg', 1, 1),
(985, 632, 'samsung_wave575_5.jpg', 1, 1),
(986, 635, 'samsung_wave575_5.jpg', 1, 1),
(987, 635, 'samsung_wave575_5.jpg', 1, 1),
(988, 635, 'samsung_wave575_5.jpg', 1, 1),
(989, 636, 'samsung_wave575_5.jpg', 1, 1),
(990, 636, 'samsung_wave575_5.jpg', 1, 1),
(991, 636, 'samsung_wave575_5.jpg', 1, 1),
(992, 636, 'samsung_wave575_5.jpg', 1, 1),
(993, 636, 'samsung_wave575_5.jpg', 1, 1),
(994, 636, 'samsung_wave575_5.jpg', 1, 1),
(995, 636, 'samsung_wave575_5.jpg', 1, 1),
(996, 636, 'samsung_wave575_5.jpg', 1, 1),
(998, 637, 'samsung_wave575_5.jpg', 1, 1),
(999, 637, 'samsung_wave575_5.jpg', 1, 1),
(1000, 637, 'samsung_wave575_5.jpg', 1, 1),
(1001, 638, 'samsung_wave575_5.jpg', 1, 1),
(1002, 638, 'samsung_wave575_5.jpg', 1, 1),
(1004, 639, 'samsung_wave575_5.jpg', 1, 1),
(1005, 639, 'samsung_wave575_5.jpg', 1, 1),
(1007, 641, 'samsung_wave575_5.jpg', 1, 1),
(1008, 641, 'samsung_wave575_5.jpg', 1, 1),
(1010, 642, 'samsung_wave575_5.jpg', 1, 1),
(1011, 642, 'samsung_wave575_5.jpg', 1, 1),
(1012, 642, 'samsung_wave575_5.jpg', 1, 1),
(1013, 643, 'samsung_wave575_5.jpg', 1, 1),
(1014, 643, 'samsung_wave575_5.jpg', 1, 1),
(1015, 643, 'samsung_wave575_5.jpg', 1, 1),
(1016, 643, 'samsung_wave575_5.jpg', 1, 1),
(1017, 643, 'samsung_wave575_5.jpg', 1, 1),
(1018, 643, 'samsung_wave575_5.jpg', 1, 1),
(1019, 644, 'LG_GX200_1.jpg', 1, 1),
(1020, 644, 'LG_GX200_1.jpg', 1, 1),
(1021, 644, 'LG_GX200_1.jpg', 1, 1),
(1022, 645, 'LG_GX200_1.jpg', 1, 1),
(1023, 645, 'LG_GX200_1.jpg', 1, 1),
(1025, 646, 'LG_GX200_1.jpg', 1, 1),
(1026, 646, 'LG_GX200_1.jpg', 1, 1),
(1027, 646, 'LG_GX200_1.jpg', 1, 1),
(1028, 640, 'samsung_wave575_5.jpg', 1, 1),
(1032, 649, 'samsung_wave575_6.jpg', 1, 1),
(1031, 647, 'samsung_wave575_6.jpg', 1, 1),
(1033, 649, 'samsung_wave575_6.jpg', 1, 1),
(1034, 649, 'samsung_wave575_6.jpg', 1, 1),
(1035, 649, 'samsung_wave575_6.jpg', 1, 1),
(1036, 649, 'samsung_wave575_6.jpg', 1, 1),
(1037, 649, 'samsung_wave575_6.jpg', 1, 1),
(1038, 650, 'LG_GX200_2.jpg', 1, 1),
(1039, 650, 'LG_GX200_2.jpg', 1, 1),
(1040, 650, 'LG_GX200_2.jpg', 1, 1),
(1041, 650, 'LG_GX200_2.jpg', 1, 1),
(1042, 650, 'LG_GX200_2.jpg', 1, 1),
(1044, 651, 'LG_GX200_2.jpg', 1, 1),
(1045, 651, 'LG_GX200_2.jpg', 1, 1),
(1046, 651, 'LG_GX200_2.jpg', 1, 1),
(1047, 652, 'LG_GX200_2.jpg', 1, 1),
(1048, 653, 'LG_GX200_3.jpg', 1, 1),
(1049, 653, 'LG_GX200_3.jpg', 1, 1),
(1050, 654, 'LG_GX200_3.jpg', 1, 1),
(1051, 654, 'LG_GX200_3.jpg', 1, 1),
(1052, 654, 'LG_GX200_3.jpg', 1, 1),
(1053, 654, 'LG_GX200_3.jpg', 1, 1),
(1057, 606, 'samsung_wave575_3.jpg', 1, 1),
(1056, 606, 'samsung_wave575_3.jpg', 1, 1),
(1058, 606, 'samsung_wave575_3.jpg', 1, 1),
(1059, 606, 'samsung_wave575_3.jpg', 1, 1),
(1060, 606, 'samsung_wave575_3.jpg', 1, 1),
(1061, 606, 'samsung_wave575_3.jpg', 1, 1),
(1062, 655, 'LG_GX200_3.jpg', 1, 1),
(1063, 655, 'LG_GX200_3.jpg', 1, 1),
(1064, 655, 'LG_GX200_3.jpg', 1, 1),
(1065, 655, 'LG_GX200_3.jpg', 1, 1),
(1069, 657, 'LG_GX200_3.jpg', 1, 1),
(1068, 656, 'LG_GX200_3.jpg', 1, 1),
(1070, 657, 'LG_GX200_3.jpg', 1, 1),
(1071, 657, 'LG_GX200_3.jpg', 1, 1),
(1072, 658, 'LG_GX200_3.jpg', 1, 1),
(1073, 658, 'LG_GX200_3.jpg', 1, 1),
(1074, 658, 'LG_GX200_3.jpg', 1, 1),
(1075, 659, 'LG_GX200_4.jpg', 1, 1),
(1076, 659, 'LG_GX200_4.jpg', 1, 1),
(1077, 659, 'LG_GX200_4.jpg', 1, 1),
(1078, 659, 'LG_GX200_4.jpg', 1, 1),
(1082, 660, 'LG_GX200_4.jpg', 1, 1),
(1081, 660, 'LG_GX200_4.jpg', 1, 1),
(1083, 660, 'LG_GX200_4.jpg', 1, 1),
(1084, 660, 'LG_GX200_4.jpg', 1, 1),
(1087, 661, 'LG_GX200_4.jpg', 1, 1),
(1088, 661, 'LG_GX200_4.jpg', 1, 1),
(1089, 661, 'LG_GX200_4.jpg', 1, 1),
(1090, 661, 'LG_GX200_4.jpg', 1, 1),
(1091, 661, 'LG_GX200_4.jpg', 1, 1),
(1092, 662, 'LG_GX200_4.jpg', 1, 1),
(1093, 662, 'LG_GX200_4.jpg', 1, 1),
(1095, 663, 'LG_GX200_4.jpg', 1, 1),
(1096, 663, 'LG_GX200_4.jpg', 1, 1),
(1097, 663, 'LG_GX200_4.jpg', 1, 1),
(1098, 663, 'LG_GX200_4.jpg', 1, 1),
(1099, 663, 'LG_GX200_4.jpg', 1, 1),
(1101, 664, 'LG_GX200_4.jpg', 1, 1),
(1102, 664, 'LG_GX200_4.jpg', 1, 1),
(1103, 664, 'LG_GX200_4.jpg', 1, 1),
(1104, 664, 'LG_GX200_4.jpg', 1, 1),
(1105, 664, 'LG_GX200_4.jpg', 1, 1),
(1106, 665, 'LG_GX200_4.jpg', 1, 1),
(1107, 665, 'LG_GX200_4.jpg', 1, 1),
(1108, 665, 'LG_GX200_4.jpg', 1, 1),
(1109, 666, 'LG_GX200_5.jpg', 1, 1),
(1110, 666, 'LG_GX200_5.jpg', 1, 1),
(1111, 666, 'LG_GX200_5.jpg', 1, 1),
(1112, 666, 'LG_GX200_5.jpg', 1, 1),
(1113, 666, 'LG_GX200_5.jpg', 1, 1),
(1114, 666, 'LG_GX200_5.jpg', 1, 1),
(1115, 667, 'LG_GX200_5.jpg', 1, 1),
(1116, 667, 'LG_GX200_5.jpg', 1, 1),
(1117, 667, 'LG_GX200_5.jpg', 1, 1),
(1118, 667, 'LG_GX200_5.jpg', 1, 1),
(1119, 667, 'LG_GX200_5.jpg', 1, 1),
(1121, 668, 'LG_GX200_5.jpg', 1, 1),
(1122, 668, 'LG_GX200_5.jpg', 1, 1),
(1123, 668, 'LG_GX200_5.jpg', 1, 1),
(1124, 669, 'LG_GX200_5.jpg', 1, 1),
(1125, 670, 'LG_GX200_5.jpg', 1, 1),
(1126, 670, 'LG_GX200_5.jpg', 1, 1),
(1127, 670, 'LG_GX200_5.jpg', 1, 1),
(1128, 670, 'LG_GX200_5.jpg', 1, 1),
(1129, 670, 'LG_GX200_5.jpg', 1, 1),
(1130, 670, 'LG_GX200_5.jpg', 1, 1),
(1131, 671, 'LG_GX200_5.jpg', 1, 1),
(1132, 671, 'LG_GX200_5.jpg', 1, 1),
(1133, 671, 'LG_GX200_5.jpg', 1, 1),
(1134, 671, 'LG_GX200_5.jpg', 1, 1),
(1135, 671, 'LG_GX200_5.jpg', 1, 1),
(1136, 672, '0LG_GX200_b.jpg', 1, 1),
(1137, 672, '0LG_GX200_b.jpg', 1, 1),
(1138, 672, '0LG_GX200_b.jpg', 1, 1),
(1139, 672, '0LG_GX200_b.jpg', 1, 1),
(1140, 672, '0LG_GX200_b.jpg', 1, 1),
(1141, 672, '0LG_GX200_b.jpg', 1, 1),
(1142, 672, '0LG_GX200_b.jpg', 1, 1),
(1143, 672, '0LG_GX200_b.jpg', 1, 1),
(1144, 673, '0LG_GX200_b.jpg', 1, 1),
(1145, 673, '0LG_GX200_b.jpg', 1, 1),
(1146, 673, '0LG_GX200_b.jpg', 1, 1),
(1147, 673, '0LG_GX200_b.jpg', 1, 1),
(1148, 674, '0LG_GX200_b.jpg', 1, 1),
(1149, 674, '0LG_GX200_b.jpg', 1, 1),
(1150, 675, 'nokia_c5-03_2.jpg', 1, 1),
(1151, 675, 'nokia_c5-03_2.jpg', 1, 1),
(1152, 675, 'nokia_c5-03_2.jpg', 1, 1),
(1153, 675, 'nokia_c5-03_2.jpg', 1, 1),
(1154, 675, 'nokia_c5-03_2.jpg', 1, 1),
(1155, 676, 'nokia_c5-03_2.jpg', 1, 1),
(1156, 676, 'nokia_c5-03_2.jpg', 1, 1),
(1157, 677, 'nokia_c5-03_2.jpg', 1, 1),
(1158, 677, 'nokia_c5-03_2.jpg', 1, 1),
(1159, 677, 'nokia_c5-03_2.jpg', 1, 1),
(1160, 677, 'nokia_c5-03_2.jpg', 1, 1),
(1161, 678, 'nokia_c5-03_2.jpg', 1, 1),
(1162, 678, 'nokia_c5-03_2.jpg', 1, 1),
(1163, 678, 'nokia_c5-03_2.jpg', 1, 1),
(1164, 678, 'nokia_c5-03_2.jpg', 1, 1),
(1165, 678, 'nokia_c5-03_2.jpg', 1, 1);

-- --------------------------------------------------------

--
-- Table structure for table `sanpham_thuoctinh`
--

CREATE TABLE IF NOT EXISTS `sanpham_thuoctinh` (
  `id_thuoctinh_dtdd` int(11) NOT NULL AUTO_INCREMENT,
  `idSP` int(11) NOT NULL,
  `ChatLieu` varchar(225) NOT NULL,
  `KichThuoc` varchar(225) DEFAULT NULL,
  `MauSac` varchar(200) DEFAULT NULL,
  `CongngheSX` tinyint(225) DEFAULT NULL,
  `TieuChuanKT` tinyint(225) DEFAULT NULL,
  `UuNhuoc` varchar(225) DEFAULT NULL,
  `GiaoHang` varchar(225) DEFAULT NULL,
  PRIMARY KEY (`id_thuoctinh_dtdd`)
) ENGINE=MyISAM  DEFAULT CHARSET=utf8 AUTO_INCREMENT=184 ;

--
-- Dumping data for table `sanpham_thuoctinh`
--


-- --------------------------------------------------------

--
-- Table structure for table `sanpham_youtube`
--

CREATE TABLE IF NOT EXISTS `sanpham_youtube` (
  `id_youtube` int(11) NOT NULL AUTO_INCREMENT,
  `idSP` int(11) NOT NULL,
  `value` varchar(30) NOT NULL,
  `mota` text,
  `stt` int(11) NOT NULL DEFAULT '1',
  `anhien` tinyint(4) NOT NULL DEFAULT '1',
  PRIMARY KEY (`id_youtube`)
) ENGINE=MyISAM  DEFAULT CHARSET=utf8 AUTO_INCREMENT=324 ;

--
-- Dumping data for table `sanpham_youtube`
--

INSERT INTO `sanpham_youtube` (`id_youtube`, `idSP`, `value`, `mota`, `stt`, `anhien`) VALUES
(1, 502, 'UBc2O0cUH4g', '1', 1, 1),
(2, 502, 'ITwJttvpPRU', '1', 1, 1),
(3, 501, 'j0DVhSJyrgY', '1', 1, 1),
(4, 503, 'Xegu7Vq5aJk', '1', 1, 1),
(5, 504, 'f7CkE1vjrKc', '1', 1, 1),
(6, 504, 'Lqwgwp2xeG8', '1', 1, 1),
(7, 505, 'Wzj0Z08JP-I', '1', 1, 1),
(8, 506, 'IoR5NHw44no', '1', 1, 1),
(9, 506, 'e9sQv9fgeM8', '1', 1, 1),
(10, 506, '3beOHeM5Cbc', '1', 1, 1),
(11, 507, 'YMrAmXPYI0g', '1', 1, 1),
(12, 508, 'MVpcmESYPWQ', '1', 1, 1),
(13, 509, '7fzdhAfDrkk', '1', 1, 1),
(14, 509, '-n-UHocyp0o', '1', 1, 1),
(15, 509, 'REEDS_daknc', '1', 1, 1),
(16, 509, 'oD7janvC6hk', '1', 1, 1),
(17, 510, 'ouCk9hhwLHo', '1', 1, 1),
(18, 510, 'gEUAQlCA8WA', '1', 1, 1),
(19, 510, 'ZH5RP-yHxiw', '1', 1, 1),
(20, 511, 'FMC1f1IVsFM', '1', 1, 1),
(21, 512, 'e3XWZBubesc', '1', 1, 1),
(22, 513, 'su5t-V5lkUk', '1', 1, 1),
(23, 514, 'NY2UCG7Fh0c', '1', 1, 1),
(24, 515, 'gAnV3hPz_BI', '1', 1, 1),
(25, 516, 'Mc8t4IWjDsE', '1', 1, 1),
(26, 516, 'CrT_wrhAhbU', '1', 1, 1),
(27, 517, 'YmqVvoilKX0', '1', 1, 1),
(28, 517, 'QGy_e7c9w70', '1', 1, 1),
(29, 518, 'NN4lCkYG5DA', '1', 1, 1),
(30, 518, 'By6hI2dzXaM', '1', 1, 1),
(31, 519, 'sw0EgyY7_1Y', '1', 1, 1),
(32, 519, 'sXe-cTqgMeY', '1', 1, 1),
(33, 520, '183y-VNzHjo', '1', 1, 1),
(34, 520, 'IDRHEShmoVI', '1', 1, 1),
(35, 521, 'b348FDa0w-k', '1', 1, 1),
(36, 521, 'EH1SpU_Io6Q', '1', 1, 1),
(37, 522, '5lUkF1vVudA', '1', 1, 1),
(38, 522, 'K-QhxjJFl7E', '1', 1, 1),
(39, 523, 'C6o6NdwGZRQ', '1', 1, 1),
(40, 523, '9hZ1cuVUGPg', '1', 1, 1),
(41, 524, 'OQC5jWZ0ZLI', '1', 1, 1),
(42, 524, 'PKf-qUWmeJ0', '1', 1, 1),
(43, 525, 'OdI1gUSNBCQ', '1', 1, 1),
(44, 525, 'EJLDOlfK9RM', '1', 1, 1),
(45, 526, '804Lxr-ER6o', '1', 1, 1),
(46, 526, 'DLRw51FGB70', '1', 1, 1),
(47, 527, 'hA1nIJ8Q9Vo', '1', 1, 1),
(48, 527, 'TK76qcUumr4', '1', 1, 1),
(49, 528, '0ZHgZr3SXCA', '1', 1, 1),
(50, 528, 'jAJMJ3C76Ko', '1', 1, 1),
(51, 530, 'rtAHJcPVCw4', '1', 1, 1),
(52, 530, 'RpPH9EbFJL8', '1', 1, 1),
(53, 529, 'BI1lbQR4zSw', '1', 1, 1),
(54, 529, 'TtRV0yAN7BQ', '1', 1, 1),
(55, 531, 'fIBQKcQ2xU4', '1', 1, 1),
(56, 531, 't9juZTFGGFQ', '1', 1, 1),
(57, 532, 'UwBiER-aamA', '1', 1, 1),
(58, 532, 'lS4H3KBf07A', '1', 1, 1),
(59, 532, 'fGCgzIeGU1I', '1', 1, 1),
(60, 533, 'CwCQDCOIsgE', '1', 1, 1),
(61, 533, 'tMAYlLXA-Ec', '1', 1, 1),
(62, 533, 'LBfIoIXq-No', '1', 1, 1),
(63, 534, 'XtXG7Q9T0jI', '1', 1, 1),
(64, 534, 'QQgCu4836ss', '1', 1, 1),
(65, 536, 'bfkAq4e01Zo', '1', 1, 1),
(66, 536, 'bfkAq4e01Zo', '1', 1, 1),
(67, 537, 'VWNhfaYNK3s', '1', 1, 1),
(68, 537, '-kHerU11qBU', '1', 1, 1),
(69, 538, 'md52PdldJ1U', '1', 1, 1),
(70, 538, '5lUkF1vVudA', '1', 1, 1),
(71, 539, 'md52PdldJ1U', '1', 1, 1),
(72, 539, '0hiz3tpvTAk', '1', 1, 1),
(73, 539, 'OMvDnkr4HAg', '1', 1, 1),
(74, 540, 'VQn0qK16aQY', '1', 1, 1),
(75, 540, 'WwXiQkZdqx8', '1', 1, 1),
(76, 541, 'n2rSQVvfvJE', '1', 1, 1),
(77, 541, 'n1Z6OI_BfcY', '1', 1, 1),
(78, 541, 'AjNP_M5tDOM', '1', 1, 1),
(79, 542, 'tAIPN_ry80A', '1', 1, 1),
(80, 542, 'sJIbsKyuv1Q', '1', 1, 1),
(81, 543, 'sEcQEjt6iOY', '1', 1, 1),
(82, 543, 'l8_xprhULB0', '1', 1, 1),
(83, 544, 'Kzgi0qgQh6A', '1', 1, 1),
(84, 544, 'K-QhxjJFl7E', '1', 1, 1),
(85, 544, '5lUkF1vVudA', '1', 1, 1),
(86, 545, 'jU4hlU5m1eI', '1', 1, 1),
(87, 545, '5O4F6hLHH68', '1', 1, 1),
(88, 546, 'R-VpUT4G29Y', '1', 1, 1),
(89, 546, 'K3K9P4Ec99s', '1', 1, 1),
(90, 547, '6hgVUTz3UW0', '1', 1, 1),
(91, 547, 'l0dytF3kz84', '1', 1, 1),
(92, 548, 'http://www.youtube.com/watch?v', '1', 1, 1),
(93, 548, 'http://www.youtube.com/watch?v', '1', 1, 1),
(94, 549, 'mR_tiXUqzKE', '1', 1, 1),
(95, 549, 'M_kMiipDHDc', '1', 1, 1),
(96, 549, 'PcL-CehefSg', '1', 1, 1),
(97, 550, 'http://www.youtube.com/watch?v', '1', 1, 1),
(98, 550, 'http://www.youtube.com/watch?v', '1', 1, 1),
(99, 551, 'http://www.youtube.com/watch?v', '1', 1, 1),
(100, 552, 'http://www.youtube.com/watch?v', '1', 1, 1),
(101, 552, 'http://www.youtube.com/watch?v', '1', 1, 1),
(102, 553, 'http://www.youtube.com/watch?v', '1', 1, 1),
(103, 553, 'http://www.youtube.com/watch?v', '1', 1, 1),
(104, 553, 'http://www.youtube.com/watch?v', '1', 1, 1),
(105, 554, 'http://www.youtube.com/watch?v', '1', 1, 1),
(106, 554, 'http://www.youtube.com/watch?v', '1', 1, 1),
(107, 555, 'http://www.youtube.com/watch?v', '1', 1, 1),
(108, 556, 'D-mDxzDIYT8', '1', 1, 1),
(109, 556, 'D-mDxzDIYT8', '1', 1, 1),
(110, 557, 'http://www.youtube.com/watch?v', '1', 1, 1),
(111, 557, 'http://www.youtube.com/watch?v', '1', 1, 1),
(112, 558, 'http://www.youtube.com/watch?v', '1', 1, 1),
(113, 559, 'o_V3YLu-3zk', '<p>\r\n	1</p>\r\n', 1, 1),
(114, 559, 'HwxJtfZ6NPM', '<p>\r\n	1</p>\r\n', 1, 1),
(115, 560, 'http://www.youtube.com/watch?v', '1', 1, 1),
(116, 561, '9ete7TdZYy8', '1', 1, 1),
(117, 561, 'AArQJObN0ms', '1', 1, 1),
(118, 562, 'http://www.youtube.com/watch?v', '1', 1, 1),
(119, 562, 'http://www.youtube.com/watch?v', '1', 1, 1),
(120, 564, 'http://www.youtube.com/watch?v', '1', 1, 1),
(121, 564, 'HTC VIVA T2223', '1', 1, 1),
(122, 565, 'http://www.youtube.com/results', '1', 1, 1),
(123, 565, 'http://www.youtube.com/watch?v', '1', 1, 1),
(124, 566, 'NvZirg0msV8', '1', 1, 1),
(125, 566, 'Y2-Ql11BAY0', '1', 1, 1),
(126, 567, 'http://www.youtube.com/watch?v', '1', 1, 1),
(127, 568, 'http://www.youtube.com/watch?v', '1', 1, 1),
(128, 568, 'http://www.youtube.com/watch?v', '1', 1, 1),
(129, 569, 'http://www.youtube.com/watch?v', '1', 1, 1),
(130, 570, 'http://www.youtube.com/watch?v', '1', 1, 1),
(131, 570, 'http://www.youtube.com/watch?v', '1', 1, 1),
(132, 571, '7hH8gaeVPDI', '1', 1, 1),
(133, 572, 'http://www.youtube.com/watch?v', '1', 1, 1),
(134, 572, 'http://www.youtube.com/watch?v', '1', 1, 1),
(135, 573, 'http://www.youtube.com/watch?v', '1', 1, 1),
(136, 573, 'http://www.youtube.com/watch?v', '1', 1, 1),
(137, 575, 'http://www.youtube.com/watch?v', '1', 1, 1),
(138, 575, 'http://www.youtube.com/watch?v', '1', 1, 1),
(139, 574, 'SẢN PHẦM KHÔNG CÓ BÀI VIẾT', '1', 1, 1),
(140, 576, 'SẢN PHẦM KHÔNG CÓ BÀI VIẾT', '1', 1, 1),
(141, 577, 'http://www.youtube.com/watch?v', '1', 1, 1),
(142, 577, 'http://www.youtube.com/watch?v', '1', 1, 1),
(143, 578, 'http://www.youtube.com/watch?v', '1', 1, 1),
(144, 579, 'http://www.youtube.com/watch?v', '1', 1, 1),
(145, 580, 'http://www.youtube.com/watch?v', '1', 1, 1),
(146, 581, '-PN5VYKQAhY', '1', 1, 1),
(147, 582, 'tz1aRBKSlXQ', '<p>\r\n	1</p>\r\n', 1, 1),
(148, 582, 'V9S-eU_K5gs', '<p>\r\n	1</p>\r\n', 1, 1),
(149, 583, 'http://www.youtube.com/watch?v', '1', 1, 1),
(150, 583, 'http://www.youtube.com/watch?v', '1', 1, 1),
(151, 584, 'http://www.youtube.com/watch?v', '1', 1, 1),
(152, 584, 'http://www.youtube.com/watch?v', '1', 1, 1),
(153, 585, 'http://www.youtube.com/watch?v', '1', 1, 1),
(154, 585, 'http://www.youtube.com/watch?v', '1', 1, 1),
(155, 586, 'DQUJxOhFIhg', '1', 1, 1),
(156, 586, 'GyJhhWIDVBI', '1', 1, 1),
(157, 587, 'L1wcL-pfnqA', '1', 1, 1),
(158, 587, 'kyUBxsff4TM', '1', 1, 1),
(159, 496, 'Y2-Ql11BAY0', '1', 1, 1),
(160, 491, 'zcshDXmekSQ', '1', 1, 1),
(161, 588, '7zifkCcpOxs', '1', 1, 1),
(162, 588, 'Uc_Sz_ZRh6g', '1', 1, 1),
(163, 589, 'R1s1oU19sC0', '1', 1, 1),
(164, 589, 'LMtAKixJabM', '1', 1, 1),
(165, 590, 'RM7N7kubqw', '1', 1, 1),
(166, 590, 'viiiDFMK6Qs', '1', 1, 1),
(167, 591, '98ydeuaya8s', '1', 1, 1),
(168, 591, 'NpaGuRBKevI', '1', 1, 1),
(169, 500, 'gYJXjUUMCz8', '1', 1, 1),
(170, 492, 'OpKJaKf1M9w', '1', 1, 1),
(171, 493, 'TC8N9t_8lHs', '1', 1, 1),
(172, 494, '74DlH3TSC2A', '1', 1, 1),
(173, 495, '2nf_ZTyluAQ', '1', 1, 1),
(174, 495, 'c97oX-UC14c', '1', 1, 1),
(175, 497, 'XO8W7d-TrVo', '1', 1, 1),
(176, 499, 'QuD5dPID8no', '1', 1, 1),
(177, 498, 'pGlb7wPHdow', '1', 1, 1),
(178, 592, 'IYqJ5nZU4Z0', '1', 1, 1),
(179, 592, 'Y5d1LY9HU48', '1', 1, 1),
(180, 593, '9R0AHp5YCRk', '1', 1, 1),
(181, 593, '7Gj-v0pBZ8k', '1', 1, 1),
(182, 594, 'szh4q6ULnjA', '1', 1, 1),
(183, 595, 'DnNYwn1lXlo', '1', 1, 1),
(184, 595, 'OgP59xuU7xc', '1', 1, 1),
(185, 596, 'o0T6JBwNUGU', '1', 1, 1),
(186, 596, 'coV5C_HUlV4', '1', 1, 1),
(187, 597, 'txOK0jCrQ5A', '1', 1, 1),
(188, 597, 'WSusuuHr1cM', '1', 1, 1),
(189, 598, 'RmE5BCPSVEQ', '1', 1, 1),
(190, 598, 'S4wHjeVtlTA', '1', 1, 1),
(191, 598, 'JpG3a6_QQpg', '1', 1, 1),
(192, 599, 'EQhA-XnxXI8', '1', 1, 1),
(193, 599, 'FqRbWWusras', '1', 1, 1),
(194, 601, 'KW4pENS5Jrw', '1', 1, 1),
(195, 601, 'ha5U45l7J9A', '1', 1, 1),
(196, 602, 'tH2O1ngzbXU', '1', 1, 1),
(197, 602, 'YxpKfoX5MHU', '1', 1, 1),
(198, 600, 'rKcBl6W8nlc', '1', 1, 1),
(199, 603, 'gZyf5bmEe_U', '1', 1, 1),
(200, 603, 'anA2HeE0Tgg', '1', 1, 1),
(201, 604, 'NybhRoFRlmA', '1', 1, 1),
(202, 604, 'eGLtIRanTgo', '1', 1, 1),
(203, 605, 'OLlYZh2AwT4', '1', 1, 1),
(204, 605, 'NIDCK7sIJA', '1', 1, 1),
(205, 606, 'mjLSQMPr6ak', '1', 1, 1),
(206, 606, 'qVVvDFP6hC8', '1', 1, 1),
(207, 607, 'SwwqXK7nGz0', '1', 1, 1),
(208, 608, '8O6DsqYZzUY', '1', 1, 1),
(209, 608, '7LzYTlHFOWI', '1', 1, 1),
(210, 610, 'aIfpycZxExA', '1', 1, 1),
(211, 610, 'bwA8Y3ZnWus', '1', 1, 1),
(212, 609, 'PQ2EwmRpHVA', '1', 1, 1),
(213, 609, 'CKREqxJ5Ysc', '1', 1, 1),
(214, 611, 'aRS0R1gQGII', '1', 1, 1),
(215, 611, 'pI6oDdBITvQ', '1', 1, 1),
(216, 612, 'ulcE_7eNp_w', '1', 1, 1),
(217, 612, 'r0LsKEl3tH4', '1', 1, 1),
(218, 613, 'eoA9fmTRYU4', '1', 1, 1),
(219, 613, 'B6eLF2fEP8A', '1', 1, 1),
(220, 614, 'YpSlyI7bClw', '1', 1, 1),
(221, 614, 'WV6ug8GQsvs', '1', 1, 1),
(222, 614, 'ZtXfRdykUD8', '1', 1, 1),
(223, 615, 'XMFFzu4oGtE', '1', 1, 1),
(224, 615, '2-iMgUSjAw8', '1', 1, 1),
(225, 616, 'bnp8XTm-LU0', '1', 1, 1),
(226, 616, 'bXuGryf7Hos', '1', 1, 1),
(227, 624, 'OB-fSfzMZ_Q', '1', 1, 1),
(228, 623, 'tfIzxBXlHF4', '<p>\r\n	1</p>\r\n', 1, 1),
(229, 622, 'FYCBo_EDDhg', '1', 1, 1),
(230, 621, 'pyveMKzpYjU', '1', 1, 1),
(231, 620, 'U7_QEFVKVdw', '1', 1, 1),
(232, 619, 'b09wW9hFYxQ', '1', 1, 1),
(233, 625, 'rSh-OH_0Lew', '1', 1, 1),
(234, 625, '5vfXrqa0UwY', '1', 1, 1),
(235, 626, 'WazqE9gZf28', '1', 1, 1),
(236, 626, '-9UmvYcUo7U', '1', 1, 1),
(237, 627, 'zvda-cT69ek', '1', 1, 1),
(238, 627, 'gRH7hzlx04g', '1', 1, 1),
(239, 627, 'D4lHsAaitqI', '1', 1, 1),
(240, 628, '7X9qDpL22DM', '1', 1, 1),
(241, 628, 'nSOmcrmWkGM', '1', 1, 1),
(242, 629, 'qYprZzXsbKs', '1', 1, 1),
(243, 629, 'KJorssYWgs8', '1', 1, 1),
(244, 630, 'HZNl0ey8GJA', '1', 1, 1),
(245, 630, '19ZMGUPq648', '1', 1, 1),
(246, 631, '74Uz_TkVmaM', '1', 1, 1),
(247, 631, 'XkSIw-d3Rzg', '1', 1, 1),
(248, 633, 'YTKXaHKb_bc', '1', 1, 1),
(249, 633, 'uylEeK4svFo', '1', 1, 1),
(250, 634, 'zvgI5NNDuCI', '1', 1, 1),
(251, 634, 'TFC3K1WzGJI', '1', 1, 1),
(252, 632, 'IB69fdkmbuM', '1', 1, 1),
(253, 632, 's4Mwf6360iI', '1', 1, 1),
(254, 635, 'XrqO9_e3DbA', '1', 1, 1),
(255, 635, 'FTrmfc1It4E', '1', 1, 1),
(256, 636, 'KXp5f0AtWKw', '1', 1, 1),
(257, 636, 'dO78VLbE7bw', '1', 1, 1),
(258, 638, 'g35hYMWqMkU', '1', 1, 1),
(259, 638, 'KKvrh6g5RHU', '1', 1, 1),
(260, 637, 'XrqO9_e3DbA', '1', 1, 1),
(261, 639, '4ubMOxZcIyE', '1', 1, 1),
(262, 641, '2eo0BRtWP60', '1', 1, 1),
(263, 641, 'vOMz-YuMAjE', '1', 1, 1),
(264, 642, 'Jz1xvhXhRjA', '1', 1, 1),
(265, 642, 'nKNIxitxKUc', '1', 1, 1),
(266, 643, 'I27-51tOB8Q', '1', 1, 1),
(267, 644, 'sO1mac5kNlw', '1', 1, 1),
(268, 644, 'O98g2-WUPLs', '1', 1, 1),
(269, 645, 'geW3cgnu0xk', '1', 1, 1),
(270, 645, 'eY5gvt-iOzg', '1', 1, 1),
(271, 646, '04krABzUbXs', '1', 1, 1),
(272, 646, 'fdYaAo_PgpU', '1', 1, 1),
(273, 640, '4ubMOxZcIyE', '1', 1, 1),
(274, 647, 'nMmEKkBbN74', '1', 1, 1),
(275, 647, 'DFEtnQmSzbU', '1', 1, 1),
(276, 647, 'Ucyx64ujo5I', '1', 1, 1),
(277, 648, 'Ucyx64ujo5I', '1', 1, 1),
(278, 649, 'LspIjbYTLsw', '1', 1, 1),
(279, 649, 'bZxeMWsxliU', '1', 1, 1),
(280, 650, '3EAv5AxRw8E', '1', 1, 1),
(281, 650, '5OEIZvXqzxs', '1', 1, 1),
(282, 651, 'eLqWeId2tHg', '1', 1, 1),
(283, 652, 'l7GPwckl8mI', '1', 1, 1),
(284, 651, '4zRsZVskSTI', '1', 1, 1),
(285, 653, 'SVl4bIscGKc', '1', 1, 1),
(286, 654, '1Uo2YIgtlQs', '1', 1, 1),
(287, 654, 'Ui2TCoqmTqc', '1', 1, 1),
(288, 655, 'Tt4tm3xnbI4', '1', 1, 1),
(289, 655, 'MPmR0j4dHCg', '1', 1, 1),
(290, 656, 'Wsi9r9pgYXw', '1', 1, 1),
(291, 657, 'xlgdx7InjHA', '1', 1, 1),
(292, 657, 'zn-EE5Y_5OQ', '1', 1, 1),
(293, 658, 'VfNM9qVIMBI', '1', 1, 1),
(294, 659, 'pQ1KMEXWBmA', '1', 1, 1),
(295, 658, 'VZn2tnxxH00', '1', 1, 1),
(296, 659, 'b6IVqkXgqAA', '1', 1, 1),
(297, 660, 'YXdAKdOr7Ps', '1', 1, 1),
(298, 660, 'l5BGYnjdcVE', '1', 1, 1),
(299, 661, '6TsYPD3036k', '<p>\r\n	1</p>\r\n', 1, 1),
(300, 662, 'MZENXtxWMwc', '1', 1, 1),
(301, 662, '9Hjs62c9VQU', '1', 1, 1),
(302, 663, '39jfn8Ta6L4', '1', 1, 1),
(303, 663, 'NmNHVwnmiZc', '1', 1, 1),
(304, 664, '05Za5af6WjI', '1', 1, 1),
(305, 664, 'aAoF1EqtVwE', '1', 1, 1),
(306, 664, 'l7GPwckl8mI', '1', 1, 1),
(307, 665, 'MOUky0GZvrI', '1', 1, 1),
(308, 665, 'a4LU_VPHDaY', '1', 1, 1),
(309, 667, 'FhCpECIy69Y', '1', 1, 1),
(310, 667, '5_LCUC3ij04', '1', 1, 1),
(311, 666, 'IyruRh1T_a8', '1', 1, 1),
(312, 668, '7jSYRw9zuEc', '1', 1, 1),
(313, 668, '4EKNmrKvBOo', '1', 1, 1),
(314, 669, '6o-XSDO5GnA', '1', 1, 1),
(315, 670, 'BIzxmfQbeC4', '1', 1, 1),
(316, 671, 'BIzxmfQbeC4', '1', 1, 1),
(317, 672, 'BIzxmfQbeC4', '1', 1, 1),
(318, 673, 'WJr4db_hsrk', '1', 1, 1),
(319, 674, 'WJr4db_hsrk', '1', 1, 1),
(320, 675, 'WJr4db_hsrk', '1', 1, 1),
(321, 676, 'WJr4db_hsrk', '1', 1, 1),
(322, 677, 'WJr4db_hsrk', '1', 1, 1),
(323, 678, 'zwfHFo8nDzE', '1', 1, 1);

-- --------------------------------------------------------

--
-- Table structure for table `tintuc`
--

CREATE TABLE IF NOT EXISTS `tintuc` (
  `IDtintuc` int(11) NOT NULL AUTO_INCREMENT,
  `tintuc` varchar(255) CHARACTER SET utf8 NOT NULL,
  `gioithieu` text CHARACTER SET utf8,
  `chitiet` text CHARACTER SET utf8,
  `hinhanh` varchar(255) CHARACTER SET utf8 DEFAULT NULL,
  `nguon` varchar(255) CHARACTER SET utf8 DEFAULT NULL,
  `hienthi` tinyint(1) NOT NULL DEFAULT '1',
  `sapxep` int(11) NOT NULL DEFAULT '0',
  `soluot` int(11) NOT NULL DEFAULT '0',
  `ngaydang` timestamp NULL DEFAULT CURRENT_TIMESTAMP,
  PRIMARY KEY (`IDtintuc`)
) ENGINE=MyISAM  DEFAULT CHARSET=utf8 COLLATE=utf8_unicode_ci AUTO_INCREMENT=4 ;

--
-- Dumping data for table `tintuc`
--

INSERT INTO `tintuc` (`IDtintuc`, `tintuc`, `gioithieu`, `chitiet`, `hinhanh`, `nguon`, `hienthi`, `sapxep`, `soluot`, `ngaydang`) VALUES
(1, 'Cách bảo quản đồ gỗ', '<p><span style="color: rgb(0, 0, 0);">C&aacute;ch bảo quản đồ gỗ, Gỗ l&agrave; loại vật liệu được sử dụng để chế tạo rất nhiều vật dụng, trang tr&iacute; nội thất&hellip; Do t&iacute;nh chất của gỗ n&ecirc;n việc sử dụng v&agrave; bảo quản đ&uacute;ng c&aacute;ch sẽ gi&uacute;p cho c&aacute;c vật dụng được chế tạo bằng gỗ lu&ocirc;n được mới đẹp v&agrave; kh&ocirc;ng [...]</span></p>', '<p><span style="color: rgb(0, 0, 0);">&nbsp;</span></p>\r\n<h1 class="single" style="margin: 0px; padding: 0px; border: 0px; outline: 0px; font-size: 16px; vertical-align: baseline; color: rgb(51, 51, 51); font-family: Arial, Helvetica, sans-serif; font-weight: normal;"><span style="color: rgb(0, 0, 0);">C&aacute;ch bảo quản đồ gỗ</span></h1>\r\n<div class="post_top" style="margin: 0px 0px 10px; padding: 0px; border: 0px; outline: 0px; vertical-align: baseline; color: rgb(102, 102, 102); font-family: Verdana, Geneva, sans-serif;">\r\n<p class="postmetadata" style="margin: 0px; padding: 0px; border: 0px; outline: 0px; font-size: 11px; vertical-align: baseline; line-height: 20px;"><span style="color: rgb(0, 0, 0);">Posted on December 20, 2011 by Đồ Gỗ Mỹ nghệ Huỳnh Văn Gi&aacute;c</span></p>\r\n</div>\r\n<div class="posts" id="post-2909" style="margin: 0px 0px 35px; padding: 12px 0px 5px; border-width: 0px 0px 4px; border-bottom-style: solid; border-bottom-color: rgb(226, 226, 226); outline: 0px; vertical-align: baseline; color: rgb(51, 51, 51); font-family: Verdana, Geneva, sans-serif;">\r\n<p style="margin: 0px; padding: 0px 0px 10px; border: 0px; outline: 0px; font-size: 14px; vertical-align: baseline; line-height: 20px;"><span style="color: rgb(0, 0, 0);">C&aacute;ch bảo quản&nbsp;</span><em style="margin: 0px; padding: 0px; border: 0px; outline: 0px; vertical-align: baseline;"><strong style="margin: 0px; padding: 0px; border: 0px; outline: 0px; vertical-align: baseline;"><strong style="margin: 0px; padding: 0px; border: 0px; outline: 0px; vertical-align: baseline;"><a data-cke-saved-href="http://dogo.thuongmaikinhbac.com/" href="http://dogo.thuongmaikinhbac.com/" target="_blank" title="Đồ gỗ" style="margin: 0px; padding: 0px; border: 0px; outline: 0px; vertical-align: baseline; text-decoration: initial; color: rgb(204, 51, 51) !important;"><span style="color: rgb(0, 0, 0);">đồ gỗ</span></a></strong></strong></em><span style="color: rgb(0, 0, 0);">,</span></p>\r\n<p align="justify" style="margin: 0px; padding: 0px 0px 10px; border: 0px; outline: 0px; font-size: 14px; vertical-align: baseline; line-height: 20px;"><span style="color: rgb(0, 0, 0);"><strong style="margin: 0px; padding: 0px; border: 0px; outline: 0px; vertical-align: baseline;">Gỗ</strong>&nbsp;l&agrave; loại vật liệu được sử dụng để chế tạo rất nhiều vật dụng,<strong style="margin: 0px; padding: 0px; border: 0px; outline: 0px; vertical-align: baseline;">&nbsp;trang tr&iacute;&nbsp;</strong></span><strong style="margin: 0px; padding: 0px; border: 0px; outline: 0px; vertical-align: baseline;"><strong style="margin: 0px; padding: 0px; border: 0px; outline: 0px; vertical-align: baseline;"><a data-cke-saved-href="http://dogo.thuongmaikinhbac.com/" href="http://dogo.thuongmaikinhbac.com/" target="_blank" title="Nội thất" style="margin: 0px; padding: 0px; border: 0px; outline: 0px; vertical-align: baseline; text-decoration: initial; color: rgb(204, 51, 51) !important;"><span style="color: rgb(0, 0, 0);">nội thất</span></a></strong></strong><span style="color: rgb(0, 0, 0);">&hellip; Do t&iacute;nh chất của gỗ n&ecirc;n việc sử dụng v&agrave; bảo quản đ&uacute;ng c&aacute;ch sẽ gi&uacute;p cho c&aacute;c vật dụng được chế tạo bằng gỗ lu&ocirc;n được mới đẹp v&agrave; kh&ocirc;ng bị hư hỏng.</span></p>\r\n<p align="justify" style="margin: 0px; padding: 0px 0px 10px; border: 0px; outline: 0px; font-size: 14px; vertical-align: baseline; line-height: 20px;">&nbsp;</p>\r\n<p align="justify" style="margin: 0px; padding: 0px 0px 10px; border: 0px; outline: 0px; font-size: 14px; vertical-align: baseline; line-height: 20px;">&nbsp;</p>\r\n<span style="color: rgb(0, 0, 0);">\r\n<p align="justify" style="margin: 0px; padding: 0px 0px 10px; border: 0px; outline: 0px; font-size: 14px; vertical-align: baseline; line-height: 20px;"><strong style="margin: 0px; padding: 0px; border: 0px; outline: 0px; vertical-align: baseline;"><span style="margin: 0px; padding: 0px; border: 0px; outline: 0px; vertical-align: baseline; text-decoration: underline;">Sau đ&acirc;y l&agrave; c&aacute;c c&aacute;ch bảo quản đồ gỗ:</span></strong></p>\r\n</span>\r\n<p align="justify" style="margin: 0px; padding: 0px 0px 10px; border: 0px; outline: 0px; font-size: 14px; vertical-align: baseline; line-height: 20px;"><span style="color: rgb(0, 0, 0);"><strong style="margin: 0px; padding: 0px; border: 0px; outline: 0px; vertical-align: baseline;">C&aacute;ch lau ch&ugrave;i v&aacute;n bọc tường</strong></span></p>\r\n<p align="justify" style="margin: 0px; padding: 0px 0px 10px; border: 0px; outline: 0px; font-size: 14px; vertical-align: baseline; line-height: 20px;"><span style="color: rgb(0, 0, 0);">V&aacute;ch v&aacute;n nh&agrave; bạn c&oacute; sơn vẽ đủ m&agrave;u, l&acirc;u ng&agrave;y bị v&agrave;ng v&agrave; hoen ố, bạn h&atilde;y d&ugrave;ng nước tr&agrave; t&agrave;u tẩm v&agrave;o khăn, lau mạnh l&ecirc;n tường v&aacute;n ấy l&agrave; sạch sẽ ngay.</span></p>\r\n<p align="justify" style="margin: 0px; padding: 0px 0px 10px; border: 0px; outline: 0px; font-size: 14px; vertical-align: baseline; line-height: 20px;"><span style="color: rgb(0, 0, 0);"><strong style="margin: 0px; padding: 0px; border: 0px; outline: 0px; vertical-align: baseline;">C&aacute;ch l&agrave;m s&aacute;ng lại lớp vecni tr&ecirc;n gỗ</strong></span></p>\r\n<p align="justify" style="margin: 0px; padding: 0px 0px 10px; border: 0px; outline: 0px; font-size: 14px; vertical-align: baseline; line-height: 20px;"><span style="color: rgb(0, 0, 0);">Lớp vẹc ni tr&ecirc;n gỗ tuy &iacute;t b&aacute;m bụi, nhưng nếu &iacute;t săn s&oacute;c, ch&uacute;ng cũng bị lu mờ, k&eacute;m b&oacute;ng lo&aacute;ng.&nbsp; Muốn ch&uacute;ng b&oacute;ng lo&aacute;ng như mới, bạn c&oacute; thể d&ugrave;ng một &iacute;t sữa lau l&ecirc;n lớp vecni v&agrave; để cho kh&ocirc;. Sau đ&oacute;, d&ugrave;ng b&agrave;n chải nh&uacute;ng nước l&atilde; cọ sạch. Với phương ph&aacute;p n&agrave;y, vecni sẽ cứng v&agrave; b&oacute;ng</span></p>\r\n<p align="justify" style="margin: 0px; padding: 0px 0px 10px; border: 0px; outline: 0px; font-size: 14px; vertical-align: baseline; line-height: 20px;"><span style="color: rgb(0, 0, 0);"><strong style="margin: 0px; padding: 0px; border: 0px; outline: 0px; vertical-align: baseline;">Tẩy những vết d&iacute;nh l&acirc;u ng&agrave;y tr&ecirc;n đồ gỗ</strong></span></p>\r\n<p align="justify" style="margin: 0px; padding: 0px 0px 10px; border: 0px; outline: 0px; font-size: 14px; vertical-align: baseline; line-height: 20px;"><span style="color: rgb(0, 0, 0);">Tr&ecirc;n đồ gỗ thường c&oacute; những vết dơ do sự v&ocirc; &yacute; g&acirc;y ra. Nếu để l&acirc;u, c&aacute;c vết dơ n&agrave;y rất kh&oacute; ch&ugrave;i rửa. Muốn l&agrave;m mất những dấu vết n&agrave;y đi, bạn h&atilde;y&nbsp;cho mấy giọt dầu ăn v&agrave;o một ch&uacute;t s&aacute;p ong trắng, đem chưng c&aacute;ch thủy cho s&aacute;p ong chảy ra. Đen b&ocirc;i thứ s&aacute;p ấy l&ecirc;n chỗ dơ rồi lấy vải ch&agrave; thật mạnh.</span></p>\r\n<p align="justify" style="margin: 0px; padding: 0px 0px 10px; border: 0px; outline: 0px; font-size: 14px; vertical-align: baseline; line-height: 20px;"><span style="color: rgb(0, 0, 0);"><strong style="margin: 0px; padding: 0px; border: 0px; outline: 0px; vertical-align: baseline;">C&aacute;ch ch&ugrave;i đồ gỗ bị giống ruồi l&agrave;m dơ bẩn</strong></span></p>\r\n<p align="justify" style="margin: 0px; padding: 0px 0px 10px; border: 0px; outline: 0px; font-size: 14px; vertical-align: baseline; line-height: 20px;"><span style="color: rgb(0, 0, 0);">Muốn l&agrave;m mất những vết dơ bẩn do giống ruồi g&acirc;y ra tr&ecirc;n đồ gỗ, bạn lấy bột (nếp, gạo, hay m&igrave; &hellip;) trộn với ch&uacute;t dầu ăn đ&aacute;nh cho thật qu&aacute;nh, thoa đều bột l&ecirc;n chỗ dơ rồi lấy giẻ ch&ugrave;i cho sạch. Sau c&ugrave;ng, rửa kỹ bằng nước trong v&agrave; đ&aacute;nh b&oacute;ng.</span></p>\r\n<p align="justify" style="margin: 0px; padding: 0px 0px 10px; border: 0px; outline: 0px; font-size: 14px; vertical-align: baseline; line-height: 20px;"><span style="color: rgb(0, 0, 0);"><strong style="margin: 0px; padding: 0px; border: 0px; outline: 0px; vertical-align: baseline;">C&aacute;ch tẩy vết dơ b&aacute;n l&acirc;u ng&agrave;y tr&ecirc;n gỗ trơn</strong></span></p>\r\n<p align="justify" style="margin: 0px; padding: 0px 0px 10px; border: 0px; outline: 0px; font-size: 14px; vertical-align: baseline; line-height: 20px;"><span style="color: rgb(0, 0, 0);">Muốn l&agrave;m sạch những vết dơ b&aacute;m tr&ecirc;n những vật dụng bằng gỗ trơn, kh&ocirc;ng c&oacute; đ&aacute;nh vẹcni, đầu ti&ecirc;n, bạn h&atilde;y pha một thứ nước để lau ch&ugrave;i theo c&ocirc;ng thức:</span></p>\r\n<p align="justify" style="margin: 0px; padding: 0px 0px 10px; border: 0px; outline: 0px; font-size: 14px; vertical-align: baseline; line-height: 20px;"><span style="color: rgb(0, 0, 0);">10gam muối + 90 gam nước tẩy (soude de caustique) + 1 l&iacute;t nước</span></p>\r\n<p align="justify" style="margin: 0px; padding: 0px 0px 10px; border: 0px; outline: 0px; font-size: 14px; vertical-align: baseline; line-height: 20px;"><span style="color: rgb(0, 0, 0);">Sau đ&oacute;, bạn lấy một c&aacute;i chổi bằng bẹ dừa thấm v&agrave;o nước n&agrave;y m&agrave; qu&eacute;t l&ecirc;n c&aacute;c đồ d&ugrave;ng bằng gỗ trơn đ&oacute;. Để một l&uacute;c l&acirc;u, bạn rửa lại bằng nước l&atilde; v&agrave; lau kh&ocirc; bằng khăn mềm v&agrave; sạch.</span></p>\r\n<p align="justify" style="margin: 0px; padding: 0px 0px 10px; border: 0px; outline: 0px; font-size: 14px; vertical-align: baseline; line-height: 20px;"><span style="color: rgb(0, 0, 0);"><strong style="margin: 0px; padding: 0px; border: 0px; outline: 0px; vertical-align: baseline;">C&aacute;ch l&agrave;m mới lại những vật dụng nhỏ bằng gỗ</strong></span></p>\r\n<p align="justify" style="margin: 0px; padding: 0px 0px 10px; border: 0px; outline: 0px; font-size: 14px; vertical-align: baseline; line-height: 20px;"><span style="color: rgb(0, 0, 0);">Muốn cho những vật dụng bằng gỗ nhỏ của bạn được b&oacute;ng lo&aacute;ng như mới, bạn h&atilde;y lấy b&ocirc;ng g&ograve;n thấm dầu th&ocirc;ng (essence de t&eacute;r&eacute;benthine) lau l&ecirc;n thật đều. Sau đ&oacute;, bạn đợi cho kh&ocirc; v&agrave; đ&aacute;nh b&oacute;ng lại bằng nỉ sạch.</span></p>\r\n<p align="justify" style="margin: 0px; padding: 0px 0px 10px; border: 0px; outline: 0px; font-size: 14px; vertical-align: baseline; line-height: 20px;"><span style="color: rgb(0, 0, 0);"><strong style="margin: 0px; padding: 0px; border: 0px; outline: 0px; vertical-align: baseline;">L&agrave;m mất c&aacute;c vết dộp trắng tr&ecirc;n b&agrave;n gỗ c&oacute; đ&aacute;nh vecni</strong></span></p>\r\n<p align="justify" style="margin: 0px; padding: 0px 0px 10px; border: 0px; outline: 0px; font-size: 14px; vertical-align: baseline; line-height: 20px;"><span style="color: rgb(0, 0, 0);">B&agrave;n hay đi-văng bị nước n&oacute;ng l&agrave;m dộp trắng tr&ecirc;n mặt gỗ c&oacute; đ&aacute;nh vecni, bạn h&atilde;y d&ugrave;ng vải c&oacute; tẩm dầu paraffine ch&agrave; nhẹ l&ecirc;n chỗ dộp. Để một l&uacute;c l&acirc;u rồi bạn d&ugrave;ng dầu th&ocirc;ng đ&aacute;nh l&ecirc;n v&agrave; d&ugrave;ng vải thường đ&aacute;nh b&oacute;ng.</span></p>\r\n<p align="justify" style="margin: 0px; padding: 0px 0px 10px; border: 0px; outline: 0px; font-size: 14px; vertical-align: baseline; line-height: 20px;"><span style="color: rgb(0, 0, 0);"><strong style="margin: 0px; padding: 0px; border: 0px; outline: 0px; vertical-align: baseline;">C&aacute;ch lấy những khe nứt tr&ecirc;n s&agrave;n gỗ</strong></span></p>\r\n<p align="justify" style="margin: 0px; padding: 0px 0px 10px; border: 0px; outline: 0px; font-size: 14px; vertical-align: baseline; line-height: 20px;"><span style="color: rgb(0, 0, 0);">Muốn lấy k&iacute;n những khe nứt hoặc kẽ hở tr&ecirc;n s&agrave;n gỗ, bạn h&atilde;y lấy keo lỏng trộn với mạt cưa đ&atilde; r&acirc;y nhuyễn. Bạn nhớ trộn cho thật đều, thật nhuyễn, rồi bạn đem chưng l&ecirc;n cho n&oacute;ng, đoạn đem tr&eacute;t v&agrave;o c&aacute;c chỗ hở v&agrave; miết cho thật bằng mặt.</span></p>\r\n<p align="justify" style="margin: 0px; padding: 0px 0px 10px; border: 0px; outline: 0px; font-size: 14px; vertical-align: baseline; line-height: 20px;"><span style="color: rgb(0, 0, 0);">Nếu s&agrave;n gỗ c&oacute; đ&aacute;nh vecni, bạn phải lấy vecni đ&aacute;nh l&ecirc;n c&aacute;c chỗ đ&atilde; được tr&eacute;t k&iacute;n cho tiệp m&agrave;u.</span></p>\r\n</div>\r\n<p style="color: rgb(34, 34, 34);"><span style="color: rgb(0, 0, 0);">&nbsp;</span></p>\r\n<p><span style="color: rgb(0, 0, 0);">&nbsp;</span></p>', 'ban_ghe_go.jpg', 'noithatmyhome.com', 1, 1, 2, '2004-01-05 16:29:59'),
(2, 'Nâu cà phê – màu phòng khách', '<p><span style="color: rgb(0, 0, 0);">Nội thất ph&ograve;ng kh&aacute;ch m&agrave;u n&acirc;u c&agrave; ph&ecirc; l&agrave; một trong những m&agrave;u chủ đạo của thập ni&ecirc;n 80 v&agrave; đầu thập ni&ecirc;n 90 Nội thất ph&ograve;ng kh&aacute;ch m&agrave;u n&acirc;u c&agrave; ph&ecirc; l&agrave; một trong những m&agrave;u chủ đạo của thập ni&ecirc;n 80 v&agrave; đầu thập ni&ecirc;n 90 Sau hơn một thập kỷ, m&agrave;u n&acirc;u [...]</span></p>', '<p><span style="color: rgb(0, 0, 0);">&nbsp;</span></p>\r\n<h1 class="single" style="margin: 0px; padding: 0px; border: 0px; outline: 0px; font-size: 16px; vertical-align: baseline; color: rgb(51, 51, 51); font-family: Arial, Helvetica, sans-serif; font-weight: normal; "><span style="color: rgb(0, 0, 0);"> 	N&acirc;u c&agrave; ph&ecirc; &ndash; m&agrave;u ph&ograve;ng kh&aacute;ch năm 2011</span></h1>\r\n<div class="post_top" style="margin: 0px 0px 10px; padding: 0px; border: 0px; outline: 0px; vertical-align: baseline; color: rgb(102, 102, 102); font-family: Verdana, Geneva, sans-serif; ">\r\n<p class="postmetadata" style="margin: 0px; padding: 0px; border: 0px; outline: 0px; font-size: 11px; vertical-align: baseline; background-color: transparent; line-height: 20px; background-position: initial initial; background-repeat: initial initial; "><span style="color: rgb(0, 0, 0);"> 		Posted on May 20, 2012 by Đồ Gỗ Mỹ nghệ Huỳnh Văn Gi&aacute;c</span></p>\r\n</div>\r\n<div class="posts" id="post-11836" style="margin: 0px 0px 35px; padding: 12px 0px 5px; border-width: 0px 0px 4px; border-bottom-style: solid; border-bottom-color: rgb(226, 226, 226); outline: 0px; vertical-align: baseline; color: rgb(51, 51, 51); font-family: Verdana, Geneva, sans-serif; ">\r\n<p style="margin: 0px; padding: 0px 0px 10px; border: 0px; outline: 0px; font-size: 14px; vertical-align: baseline; background-color: transparent; line-height: 20px; background-position: initial initial; background-repeat: initial initial; "><a href="http://dogo.thuongmaikinhbac.com/wp-content/uploads/2012/05/nau-ca-phe-mau-phong-khach-nam-2011.jpg" style="margin: 0px; padding: 0px; border: 0px; outline: 0px; vertical-align: baseline; background-color: transparent; color: rgb(204, 51, 51) !important; text-decoration: none; font-weight: bold; "><span style="color: rgb(0, 0, 0);"><img alt=" thiet ke noi that% name N&acirc;u c&agrave; ph&ecirc; &ndash; m&agrave;u ph&ograve;ng kh&aacute;ch năm 2011 " class="alignleft  wp-image-11837" height="122" src="http://dogo.thuongmaikinhbac.com/wp-content/uploads/2012/05/nau-ca-phe-mau-phong-khach-nam-2011.jpg" style="margin: 0px; padding: 0px; border: 0px; outline: 0px; vertical-align: baseline; background-color: transparent; " title="nau-ca-phe-mau-phong-khach-nam-2011" width="200" /></span></a><span style="color: rgb(0, 0, 0);"><strong style="margin: 0px; padding: 0px; border: 0px; outline: 0px; vertical-align: baseline; background-color: transparent; "><a href="http://dogo.thuongmaikinhbac.com/" style="margin: 0px; padding: 0px; border: 0px; outline: 0px; vertical-align: baseline; background-color: transparent; color: rgb(204, 51, 51) !important; text-decoration: none; " target="_blank" title="Nội thất">Nội thất</a></strong></span><span style="color: rgb(0, 0, 0);">&nbsp;</span><strong style="margin: 0px; padding: 0px; border: 0px; outline: 0px; vertical-align: baseline; background-color: transparent; "><a href="http://dogo.thuongmaikinhbac.com/phong-khach/" style="margin: 0px; padding: 0px; border: 0px; outline: 0px; vertical-align: baseline; background-color: transparent; color: rgb(204, 51, 51) !important; text-decoration: none; " title="ph&ograve;ng kh&aacute;ch"><span style="color: rgb(0, 0, 0);">ph&ograve;ng kh&aacute;ch</span></a></strong><span style="color: rgb(0, 0, 0);">&nbsp;m&agrave;u n&acirc;u c&agrave; ph&ecirc; l&agrave; một trong những m&agrave;u chủ đạo của thập ni&ecirc;n 80 v&agrave; đầu thập ni&ecirc;n 90<br />\r\nNội thất ph&ograve;ng kh&aacute;ch m&agrave;u n&acirc;u c&agrave; ph&ecirc; l&agrave; một trong những m&agrave;u chủ đạo của thập ni&ecirc;n 80 v&agrave; đầu thập ni&ecirc;n 90</span></p>\r\n<p style="margin: 0px; padding: 0px 0px 10px; border: 0px; outline: 0px; font-size: 14px; vertical-align: baseline; background-color: transparent; line-height: 20px; background-position: initial initial; background-repeat: initial initial; "><span style="color: rgb(0, 0, 0);"> 		Sau hơn một thập kỷ, m&agrave;u n&acirc;u c&agrave; ph&ecirc; đang quay trở lại. Kh&ocirc;ng chỉ dừng ở m&agrave;u xe, m&agrave;u điện thoại hay xuất hiện trong ng&agrave;nh thời trang, m&agrave;u n&acirc;u c&agrave; ph&ecirc; chứng minh sự sang trọng của m&igrave;nh trong những mẫu ph&ograve;ng kh&aacute;ch của năm 2011. Lẽ tất nhi&ecirc;n n&oacute; vẫn đảm bảo t&iacute;nh hiện đại của thế kỷ 21 với sự kết hợp tinh tế của tấm đệm ngồi bằng tơ; những chiếc đ&egrave;n thủy tinh trắng hiện đại, c&ugrave;ng những đuờng n&eacute;t thiết kế đơn giản v&agrave; lịch l&atilde;m&hellip;</span></p>\r\n<p style="margin: 0px; padding: 0px 0px 10px; border: 0px; outline: 0px; font-size: 14px; vertical-align: baseline; background-color: transparent; line-height: 20px; background-position: initial initial; background-repeat: initial initial; "><a href="http://dogo.thuongmaikinhbac.com/wp-content/uploads/2012/05/nau-ca-phe-mau-phong-khach-nam-2011-a.jpg" style="margin: 0px; padding: 0px; border: 0px; outline: 0px; vertical-align: baseline; background-color: transparent; color: rgb(204, 51, 51) !important; text-decoration: none; font-weight: bold; "><span style="color: rgb(0, 0, 0);"><img alt=" thiet ke noi that% name N&acirc;u c&agrave; ph&ecirc; &ndash; m&agrave;u ph&ograve;ng kh&aacute;ch năm 2011 " class="aligncenter size-full wp-image-11838" height="300" src="http://dogo.thuongmaikinhbac.com/wp-content/uploads/2012/05/nau-ca-phe-mau-phong-khach-nam-2011-a.jpg" style="margin: 0px; padding: 0px; border: 0px; outline: 0px; vertical-align: baseline; background-color: transparent; " title="nau-ca-phe-mau-phong-khach-nam-2011-a" width="400" /></span></a><a href="http://dogo.thuongmaikinhbac.com/wp-content/uploads/2012/05/nau-ca-phe-mau-phong-khach-nam-2011-b.jpg" style="margin: 0px; padding: 0px; border: 0px; outline: 0px; vertical-align: baseline; background-color: transparent; color: rgb(68, 68, 68); text-decoration: none; font-weight: bold; "><span style="color: rgb(0, 0, 0);"><img alt=" thiet ke noi that% name N&acirc;u c&agrave; ph&ecirc; &ndash; m&agrave;u ph&ograve;ng kh&aacute;ch năm 2011 " class="aligncenter size-full wp-image-11839" height="238" src="http://dogo.thuongmaikinhbac.com/wp-content/uploads/2012/05/nau-ca-phe-mau-phong-khach-nam-2011-b.jpg" style="margin: 0px; padding: 0px; border: 0px; outline: 0px; vertical-align: baseline; background-color: transparent; " title="nau-ca-phe-mau-phong-khach-nam-2011-b" width="400" /></span></a></p>\r\n</div>\r\n<p><span style="color: rgb(0, 0, 0);"> 	&nbsp;</span></p>', 'nau-ca-phe-mau-phong-khach-nam-2011.jpg', 'noithatmyhome.vn', 1, 2, 2, '2004-01-05 16:35:02');

-- --------------------------------------------------------

--
-- Table structure for table `tygia_ngoaite`
--

CREATE TABLE IF NOT EXISTS `tygia_ngoaite` (
  `id_ngoaite` int(11) NOT NULL AUTO_INCREMENT,
  `ky_hieu` varchar(20) NOT NULL,
  `ten_ngoai_te` varchar(70) NOT NULL,
  `ti_gia` decimal(10,0) NOT NULL,
  `stt` int(11) NOT NULL DEFAULT '1',
  `anhien` tinyint(4) NOT NULL DEFAULT '1',
  PRIMARY KEY (`id_ngoaite`)
) ENGINE=MyISAM  DEFAULT CHARSET=utf8 AUTO_INCREMENT=6 ;

--
-- Dumping data for table `tygia_ngoaite`
--

INSERT INTO `tygia_ngoaite` (`id_ngoaite`, `ky_hieu`, `ten_ngoai_te`, `ti_gia`, `stt`, `anhien`) VALUES
(1, 'USD', 'US DOLLAR ', 20, 1, 1),
(2, 'EUR', 'EURO ', 29, 1, 1),
(3, 'SGD', 'SINGAPORE DOLLAR ', 16, 1, 1),
(4, 'AUD', 'AUST.DOLLAR ', 21, 1, 1),
(5, 'VND', 'Việt Nam Đồng', 1, 1, 1);

-- --------------------------------------------------------

--
-- Table structure for table `userlog`
--

CREATE TABLE IF NOT EXISTS `userlog` (
  `id` int(11) NOT NULL AUTO_INCREMENT,
  `idUser` int(11) NOT NULL,
  `IPAddress` varchar(50) NOT NULL,
  `LastLoginDate` datetime NOT NULL,
  `LastAvtiveDate` datetime NOT NULL,
  `Session` varchar(100) NOT NULL,
  PRIMARY KEY (`id`)
) ENGINE=MyISAM DEFAULT CHARSET=utf8 AUTO_INCREMENT=1 ;

--
-- Dumping data for table `userlog`
--


-- --------------------------------------------------------

--
-- Table structure for table `users`
--

CREATE TABLE IF NOT EXISTS `users` (
  `idUser` int(11) NOT NULL AUTO_INCREMENT,
  `HoTen` varchar(100) NOT NULL DEFAULT '',
  `Username` varchar(50) NOT NULL DEFAULT '',
  `Password` varchar(50) NOT NULL,
  `DiaChi` varchar(255) NOT NULL,
  `Dienthoai` varchar(255) NOT NULL,
  `Email` varchar(255) NOT NULL DEFAULT '',
  `NgayDangKy` date DEFAULT '0000-00-00',
  `idGroup` int(11) NOT NULL DEFAULT '0',
  `NgaySinh` date DEFAULT '0000-00-00',
  `GioiTinh` tinyint(1) DEFAULT NULL,
  `Active` int(11) DEFAULT NULL,
  `RandomKey` varchar(255) DEFAULT NULL,
  `LoginNumber` int(11) DEFAULT '0',
  `DisableDate` datetime DEFAULT NULL,
  `Expiration` int(4) DEFAULT NULL,
  PRIMARY KEY (`idUser`),
  UNIQUE KEY `Username` (`Username`),
  UNIQUE KEY `Email` (`Email`)
) ENGINE=MyISAM  DEFAULT CHARSET=utf8 AUTO_INCREMENT=29 ;

--
-- Dumping data for table `users`
--

INSERT INTO `users` (`idUser`, `HoTen`, `Username`, `Password`, `DiaChi`, `Dienthoai`, `Email`, `NgayDangKy`, `idGroup`, `NgaySinh`, `GioiTinh`, `Active`, `RandomKey`, `LoginNumber`, `DisableDate`, `Expiration`) VALUES
(21, 'Gia Hu', 'giahu', 'c4ca4238a0b923820dcc509a6f75849b', '123 meo meo chấm cơm', '0912345678', 'giahu@localhost.com', '2009-01-22', 0, '1972-01-01', 0, 1, 'f29c0f1c5f3cc955ceed26b4a4d6e1d9', 0, '0000-00-00 00:00:00', 0),
(20, 'Tí', 'ti', 'c4ca4238a0b923820dcc509a6f75849b', '456, abc chấm  cơm chấm vê en', '089874563', 'ti@localhost.com', '2009-01-20', 1, '1971-01-01', 1, 1, '1e932f24dc0aa4e7a6ac2beec387416d', 0, '0000-00-00 00:00:00', 0),
(22, 'Tèo', 'teo', 'c4ca4238a0b923820dcc509a6f75849b', '789 gia hu chấm vê en', '32648372', 'teo@localhost.com', '2009-02-07', 1, '0000-00-00', 1, 1, 'cfc69414187bd8ade5c17c797a107525', 0, '0000-00-00 00:00:00', 0),
(23, 'Nguyễn Xuân Cảnh', 'xuancanh', 'd9b1d7db4cd6e70935368a1efb10e377', 'Bình Định', '0974197377', 'xuancanh335@gmail.com', '2004-01-11', 1, '0000-00-00', 1, NULL, NULL, 0, '0000-00-00 00:00:00', 0),
(24, 'canh', '10c3061003', '202cb962ac59075b964b07152d234b70', 'Lâm Đồng', '455', '10c3061003@email.hcmct.edu.vn', '2004-01-11', 0, '2004-01-14', 1, NULL, NULL, 0, '0000-00-00 00:00:00', 0),
(28, 'Xuân Cảnh', 'canhit', 'c56d0e9a7ccec67b4ea131655038d604', 'LĐ', '123456789', '123@yahoo.com', '0000-00-00', 1, '0000-00-00', 1, NULL, NULL, 0, NULL, NULL);
